REPORT_NAME,REPORT_SUB_TYPE,VERSION,DESTINATION_TABLE,TRANSACTION_TYPE,ROW_FILTER_TYPE
ANCILLIARY_SERVICES,CONTRACTAGC,1,CONTRACTAGC,INSERT-UPDATE,LASTCHANGED
ANCILLIARY_SERVICES,CONTRACTLOADSHED,1,CONTRACTLOADSHED,INSERT-UPDATE,LASTCHANGED
ANCILLIARY_SERVICES,CONTRACTLOADSHED,2,CONTRACTLOADSHED,INSERT-UPDATE,LASTCHANGED
ANCILLIARY_SERVICES,CONTRACTREACTIVEPOWER,3,CONTRACTREACTIVEPOWER,INSERT-UPDATE,LASTCHANGED
ANCILLIARY_SERVICES,CONTRACTREACTIVEPOWER,4,CONTRACTREACTIVEPOWER,INSERT-UPDATE,LASTCHANGED
ANCILLIARY_SERVICES,CONTRACTRESTARTSERVICES,1,CONTRACTRESTARTSERVICES,INSERT-UPDATE,LASTCHANGED
ANCILLIARY_SERVICES,CONTRACTRESTARTSERVICES,2,CONTRACTRESTARTSERVICES,INSERT-UPDATE,LASTCHANGED
ANCILLIARY_SERVICES,CONTRACTRESTARTUNITS,1,CONTRACTRESTARTUNITS,INSERT-UPDATE,LASTCHANGED
AP,APEVENT,1,APEVENT,INSERT,
AP,APEVENTREGION,2,APEVENTREGION,INSERT,
AP,APEVENTREGION,1,APEVENTREGION,INSERT,
AP,REGIONAPC,1,REGIONAPC,INSERT,
AP,REGIONAPCINTERVALS,1,REGIONAPCINTERVALS,INSERT,
ASOFFER,OFFERAGCDATA,1,OFFERAGCDATA,INSERT,
ASOFFER,OFFERASTRK,1,OFFERASTRK,INSERT,
ASOFFER,OFFERLSHEDDATA,1,OFFERLSHEDDATA,INSERT,
ASOFFER,OFFERRESTARTDATA,1,OFFERRESTARTDATA,INSERT,
ASOFFER,OFFERRPOWERDATA,1,OFFERRPOWERDATA,INSERT,
BID,BIDDAYOFFER_D,2,BIDDAYOFFER_D,INSERT,
BID,BIDPEROFFER_D,2,BIDPEROFFER_D,INSERT,
BID,MNSP_DAYOFFER,2,MNSP_DAYOFFER,INSERT,
BID,MNSP_DAYOFFER,1,MNSP_DAYOFFER,INSERT,
BID,MNSP_FILETRK,1,MNSP_FILETRK,INSERT,
BID,MNSP_OFFERTRK,1,MNSP_OFFERTRK,INSERT,
BID,MNSP_PEROFFER,1,MNSP_PEROFFER,INSERT,
BIDS,BIDDAYOFFER,1,BIDDAYOFFER,INSERT,
BIDS,BIDOFFERFILETRK,1,BIDOFFERFILETRK,INSERT,
BIDS,BIDOFFERPERIOD,1,BIDOFFERPERIOD,INSERT,
BIDS,MNSP_BIDOFFERPERIOD,1,MNSP_BIDOFFERPERIOD,INSERT,
BIDS,MNSP_DAYOFFER,1,MNSP_DAYOFFER,INSERT,
BILLING,APC_COMPENSATION,2,BILLING_APC_COMPENSATION,INSERT,
BILLING,APC_RECOVERY,2,BILLING_APC_RECOVERY,INSERT,
BILLING,ASPAYMENTS,7,BILLINGASPAYMENTS,INSERT,
BILLING,ASPAYMENTS,6,BILLINGASPAYMENTS,INSERT,
BILLING,ASRECOVERY,8,BILLINGASRECOVERY,INSERT,
BILLING,ASRECOVERY,7,BILLINGASRECOVERY,INSERT,
BILLING,BILLING_CO2E_PUBLICATION,1,BILLING_CO2E_PUBLICATION,INSERT,
BILLING,BILLING_CO2E_PUBLICATION_TRK,1,BILLING_CO2E_PUBLICATION_TRK,INSERT-UPDATE,LASTCHANGED
BILLING,BILLING_DIRECTION_RECON_OTHER,1,BILLING_DIRECTION_RECON_OTHER,INSERT,
BILLING,CPDATA,6,BILLINGCPDATA,INSERT,
BILLING,CPDATA,7,BILLINGCPDATA,INSERT,
BILLING,DAILY_ENERGY_SUMMARY,1,BILLING_DAILY_ENERGY_SUMMARY,INSERT,
BILLING,DAYTRK,5,BILLINGDAYTRK,INSERT,
BILLING,DIR_FINAL_AMOUNT,1,BILLING_DIR_FINAL_AMOUNT,INSERT,
BILLING,DIR_FINAL_RECOVERY,1,BILLING_DIR_FINAL_RECOVERY,INSERT,
BILLING,DIR_PROV_AMOUNT,1,BILLING_DIR_PROV_AMOUNT,INSERT,
BILLING,DIR_PROV_RECOVERY,1,BILLING_DIR_PROV_RECOVERY,INSERT,
BILLING,DIR_RECOVERY_DETAIL,1,BILLING_DIR_RECOVERY_DETAIL,INSERT,
BILLING,EFTSHORTFALL_AMOUNT,1,BILLING_EFTSHORTFALL_AMOUNT,INSERT,
BILLING,EFTSHORTFALL_DETAIL,1,BILLING_EFTSHORTFALL_DETAIL,INSERT,
BILLING,ENERGY_TRAN_SAPS,1,BILLING_ENERGY_TRAN_SAPS,INSERT,
BILLING,FEES,5,BILLINGFEES,INSERT,
BILLING,FINANCIALADJUSTMENTS,5,BILLINGFINANCIALADJUSTMENTS,INSERT,
BILLING,GENDATA,5,BILLINGGENDATA,INSERT,
BILLING,GST_DETAIL,5,BILLING_GST_DETAIL,INSERT,
BILLING,GST_SUMMARY,5,BILLING_GST_SUMMARY,INSERT,
BILLING,INTERRESIDUES,5,BILLINGINTERRESIDUES,INSERT,
BILLING,INTRARESIDUES,5,BILLINGINTRARESIDUES,INSERT,
BILLING,IRAUCSURPLUS,5,BILLINGIRAUCSURPLUS,INSERT,
BILLING,IRAUCSURPLUSSUM,7,BILLINGIRAUCSURPLUSSUM,INSERT,
BILLING,IRNSPSURPLUS,5,BILLINGIRNSPSURPLUS,INSERT,
BILLING,IRNSPSURPLUSSUM,6,BILLINGIRNSPSURPLUSSUM,INSERT,
BILLING,IRPARTSURPLUS,5,BILLINGIRPARTSURPLUS,INSERT,
BILLING,IRPARTSURPLUSSUM,7,BILLINGIRPARTSURPLUSSUM,INSERT,
BILLING,NMAS_TST_PAYMENTS,1,BILLING_NMAS_TST_PAYMENTS,INSERT,
BILLING,NMAS_TST_RECOVERY,1,BILLING_NMAS_TST_RECOVERY,INSERT,
BILLING,NMAS_TST_RECVRY_RBF,1,BILLING_NMAS_TST_RECVRY_RBF,INSERT,
BILLING,NMAS_TST_RECVRY_TRK,1,BILLING_NMAS_TST_RECVRY_TRK,INSERT,
BILLING,PRIORADJUSTMENTS,5,BILLINGPRIORADJUSTMENTS,INSERT,
BILLING,REALLOC,5,BILLINGREALLOC,INSERT,
BILLING,REALLOC_DETAIL,5,BILLINGREALLOC_DETAIL,INSERT,
BILLING,REGIONEXPORTS,5,BILLINGREGIONEXPORTS,INSERT,
BILLING,REGIONFIGURES,6,BILLINGREGIONFIGURES,INSERT,
BILLING,REGIONIMPORTS,5,BILLINGREGIONIMPORTS,INSERT,
BILLING,RESERVETRADERPAYMENT,1,BILLRESERVETRADERPAYMENT,INSERT,
BILLING,RESERVETRADERRECOVERY,2,BILLRESERVETRADERRECOVERY,INSERT,
BILLING,RESERVETRADERRECOVERY,1,BILLRESERVETRADERRECOVERY,INSERT,
BILLING,RUNTRK,5,BILLINGRUNTRK,INSERT,
BILLING,SECDEPOSIT_APPLICATION,1,BILLING_SECDEPOSIT_APPLICATION,INSERT,
BILLING,SECDEP_INTEREST_PAY,1,BILLING_SECDEP_INTEREST_PAY,INSERT,
BILLING,SECDEP_INTEREST_RATE,1,BILLING_SECDEP_INTEREST_RATE,INSERT,
BILLING,SUBST_DEMAND,1,BILLING_SUBST_DEMAND,INSERT,
BILLING,SUBST_RUN_VERSION,1,BILLING_SUBST_RUN_VERSION,INSERT,
BILLING,WDR,1,BILLING_WDR,INSERT,
BILLING,WDR_DETAIL,1,BILLING_WDR_DETAIL,INSERT,
BILLING_CONFIG,BILLINGCALENDAR,1,BILLINGCALENDAR,INSERT-UPDATE,LASTCHANGED
BILLING_CONFIG,BILLINGCALENDAR,2,BILLINGCALENDAR,INSERT-UPDATE,LASTCHANGED
BILLING_CONFIG,GST_BAS_CLASS,1,GST_BAS_CLASS,INSERT,
BILLING_CONFIG,GST_RATE,1,GST_RATE,INSERT,
BILLING_CONFIG,GST_TRANSACTION_CLASS,1,GST_TRANSACTION_CLASS,INSERT-UPDATE,LASTCHANGED
BILLING_CONFIG,GST_TRANSACTION_TYPE,1,GST_TRANSACTION_TYPE,INSERT-UPDATE,LASTCHANGED
BILLING_CONFIG,SECDEPOSIT_INTEREST_RATE,1,SECDEPOSIT_INTEREST_RATE,INSERT,
BILLING_CONFIG,SECDEPOSIT_PROVISION,1,SECDEPOSIT_PROVISION,INSERT,
DEMAND,INTERMITTENT_CLUSTER_AVAIL,1,INTERMITTENT_CLUSTER_AVAIL,INSERT,
DEMAND,INTERMITTENT_CLUSTER_AVAIL,2,INTERMITTENT_CLUSTER_AVAIL,INSERT,
DEMAND,INTERMITTENT_CLUSTER_AVAIL_DAY,1,INTERMITTENT_CLUSTER_AVAIL_DAY,INSERT,
DEMAND,INTERMITTENT_DS_PRED,1,INTERMITTENT_DS_PRED,INSERT,
DEMAND,INTERMITTENT_DS_RUN,1,INTERMITTENT_DS_RUN,INSERT-UPDATE,NONE
DEMAND,INTERMITTENT_GEN_LIMIT,1,INTERMITTENT_GEN_LIMIT,INSERT,
DEMAND,INTERMITTENT_GEN_LIMIT_DAY,1,INTERMITTENT_GEN_LIMIT_DAY,INSERT,
DEMAND,INTERMITTENT_GEN_SCADA,1,INTERMITTENT_GEN_SCADA,INSERT,
DEMAND,MTPASA_INTERMITTENT_AVAIL,1,MTPASA_INTERMITTENT_AVAIL,INSERT,
DEMAND,MTPASA_INTERMITTENT_AVAIL,2,MTPASA_INTERMITTENT_AVAIL,INSERT,
DEMAND,MTPASA_INTERMITTENT_LIMIT,1,MTPASA_INTERMITTENT_LIMIT,INSERT,
DEMAND,PERIOD,1,PERDEMAND,INSERT,
DEMAND,TRK,1,RESDEMANDTRK,INSERT,
DISPATCH,BLOCKED_CONSTRAINTS,1,DISPATCHBLOCKEDCONSTRAINT,INSERT,
DISPATCH,CASE_SOLUTION,2,DISPATCHCASESOLUTION,INSERT,
DISPATCH,CONSTRAINT,5,DISPATCHCONSTRAINT,INSERT,
DISPATCH,FCAS_REQ,2,DISPATCH_FCAS_REQ,INSERT-UPDATE,LASTCHANGED
DISPATCH,FCAS_REQ,1,DISPATCH_FCAS_REQ,INSERT-UPDATE,LASTCHANGED
DISPATCH,INTERCONNECTION,1,DISPATCH_INTERCONNECTION,INSERT-UPDATE,LASTCHANGED
DISPATCH,INTERCONNECTORRES,3,DISPATCHINTERCONNECTORRES,INSERT,
DISPATCH,INTERMITTENT_FORECAST_TRK,1,INTERMITTENT_FORECAST_TRK,INSERT,
DISPATCH,LOCAL_PRICE,1,DISPATCH_LOCAL_PRICE,INSERT,
DISPATCH,MNSPBIDTRK,1,DISPATCH_MNSPBIDTRK,INSERT,
DISPATCH,MR_SCHEDULE_TRK,1,DISPATCH_MR_SCHEDULE_TRK,INSERT,
DISPATCH,NEGATIVE_RESIDUE,1,NEGATIVE_RESIDUE,INSERT,
DISPATCH,OFFERTRK,1,DISPATCHOFFERTRK,INSERT,
DISPATCH,PRICE,5,DISPATCHPRICE,INSERT-UPDATE,LASTCHANGED
DISPATCH,PRICE,4,DISPATCHPRICE,INSERT-UPDATE,LASTCHANGED
DISPATCH,REGIONSUM,7,DISPATCHREGIONSUM,INSERT,
DISPATCH,REGIONSUM,6,DISPATCHREGIONSUM,INSERT,
DISPATCH,UNIT_CONFORMANCE,1,DISPATCH_UNIT_CONFORMANCE,INSERT,
DISPATCH,UNIT_CONFORMANCE,2,DISPATCH_UNIT_CONFORMANCE,INSERT,
DISPATCH,UNIT_SCADA,1,DISPATCH_UNIT_SCADA,INSERT-UPDATE,
DISPATCH,UNIT_SOLUTION,3,DISPATCHLOAD,INSERT,
DISPATCH,UNIT_SOLUTION,4,DISPATCHLOAD,INSERT,
DISPATCHBNC,CASESOLUTION,1,DISPATCHCASESOLUTION_BNC,INSERT,
DISPATCHBNC,UNITSOLUTION,1,DISPATCHLOAD_BNC,INSERT,
DISPATCHBNC,UNIT_SOLUTION,1,DISPATCHLOAD_BNC,INSERT,
DISPATCHOCD,CASE,1,DISPATCHCASE_OCD,INSERT,
DISPATCHOCD,CONSTRAINTRELAXATION,2,CONSTRAINTRELAXATION_OCD,INSERT-UPDATE,LASTCHANGED
DISPATCHOCD,CONSTRAINT_FCAS_OCD,1,DISPATCH_CONSTRAINT_FCAS_OCD,INSERT-UPDATE,LASTCHANGED
FORCE_MAJEURE,IRFMAMOUNT,1,IRFMAMOUNT,INSERT-UPDATE,LASTCHANGED
FORCE_MAJEURE,IRFMEVENTS,1,IRFMEVENTS,INSERT,
FORCE_MAJEURE,MARKET_SUSPEND_REGIME_SUM,1,MARKET_SUSPEND_REGIME_SUM,INSERT-UPDATE,LASTCHANGED
FORCE_MAJEURE,MARKET_SUSPEND_REGION_SUM,1,MARKET_SUSPEND_REGION_SUM,INSERT-UPDATE,LASTCHANGED
FORCE_MAJEURE,MARKET_SUSPEND_SCHEDULE,1,MARKET_SUSPEND_SCHEDULE,INSERT-UPDATE,LASTCHANGED
FORCE_MAJEURE,MARKET_SUSPEND_SCHEDULE,2,MARKET_SUSPEND_SCHEDULE,INSERT-UPDATE,LASTCHANGED
FORCE_MAJEURE,MARKET_SUSPEND_SCHEDULE_TRK,1,MARKET_SUSPEND_SCHEDULE_TRK,INSERT-UPDATE,LASTCHANGED
FORCE_MAJEURE,OVERRIDERRP,1,OVERRIDERRP,INSERT-UPDATE,LASTCHANGED
FORECAST,INTERMITTENT_GEN,1,INTERMITTENT_GEN_FCST,INSERT,
FORECAST,INTERMITTENT_GEN_DATA,1,INTERMITTENT_GEN_FCST_DATA,INSERT,
GASBB,GAS_BASIN,1,GAS_BASIN,UPDATE-INSERT,LASTCHANGED
GASBB,GAS_CAPACITY_TYPE,1,GAS_CAPACITY_TYPE,UPDATE-INSERT,LASTCHANGED
GASBB,GAS_CONNECTIONPOINT_CAPACITY,1,GAS_CONNECTIONPOINT_CAPACITY,INSERT,
GASBB,GAS_CONTACT,1,GAS_CONTACT,UPDATE-INSERT,LASTCHANGED
GASBB,GAS_CONTACT_DETAIL,1,GAS_CONTACT_DETAIL,INSERT,
GASBB,GAS_DAILY_FLOW_ACTUAL,1,GAS_DAILY_FLOW_ACTUAL,INSERT,
GASBB,GAS_DAILY_STORAGE_ACTUAL,1,GAS_DAILY_STORAGE_ACTUAL,INSERT,
GASBB,GAS_DAILY_STORAGE_ACTUAL,2,GAS_DAILY_STORAGE_ACTUAL,INSERT,
GASBB,GAS_DEVFACILITY,1,GAS_DEVFACILITY,UPDATE-INSERT,LASTCHANGED
GASBB,GAS_DEVFACILITY_DETAIL,1,GAS_DEVFACILITY_DETAIL,INSERT,
GASBB,GAS_DEVFACILITY_FACILITY,1,GAS_DEVFACILITY_FACILITY,INSERT,
GASBB,GAS_FACILITY,2,GAS_FACILITY,UPDATE-INSERT,LASTCHANGED
GASBB,GAS_FACILITY,1,GAS_FACILITY,UPDATE-INSERT,LASTCHANGED
GASBB,GAS_FACILITY_DETAIL,1,GAS_FACILITY_DETAIL,INSERT,
GASBB,GAS_FACILITY_DETAIL_CAPACITY,1,GAS_FACILITY_DETAIL_CAPACITY,INSERT,
GASBB,GAS_FACILITY_NODE,1,GAS_FACILITY_NODE,INSERT,
GASBB,GAS_FACILITY_NODE_CONNECTION,2,GAS_FACILITY_NODE_CONNECTION,INSERT,
GASBB,GAS_FACILITY_NODE_CONNECTION,1,GAS_FACILITY_NODE_CONNECTION,INSERT,
GASBB,GAS_FACILITY_NODE_TRK,1,GAS_FACILITY_NODE_TRK,INSERT,
GASBB,GAS_FACILITY_OPSTATE,1,GAS_FACILITY_OPSTATE,INSERT,
GASBB,GAS_FACILITY_OWNER,1,GAS_FACILITY_OWNER,INSERT,
GASBB,GAS_FACILITY_OWNER_TRK,1,GAS_FACILITY_OWNER_TRK,INSERT,
GASBB,GAS_FACILITY_SUMMARY,1,GAS_FACILITY_SUMMARY,UPDATE-INSERT,LASTCHANGED
GASBB,GAS_FACILITY_TYPE,1,GAS_FACILITY_TYPE,UPDATE-INSERT,LASTCHANGED
GASBB,GAS_FIELD,1,GAS_FIELD,UPDATE-INSERT,LASTCHANGED
GASBB,GAS_FIELDINTEREST,1,GAS_FIELDINTEREST,INSERT,
GASBB,GAS_FIELDINTEREST_DETAIL,1,GAS_FIELDINTEREST_DETAIL,INSERT,
GASBB,GAS_FIELDINTEREST_PARTICIPANT,1,GAS_FIELDINTEREST_PARTICIPANT,INSERT,
GASBB,GAS_FIELDINTEREST_SHARE,1,GAS_FIELDINTEREST_SHARE,INSERT,
GASBB,GAS_FIELDINTEREST_SHARETRK,1,GAS_FIELDINTEREST_SHARETRK,INSERT,
GASBB,GAS_FIELD_DETAIL,1,GAS_FIELD_DETAIL,INSERT,
GASBB,GAS_GSH_TRADES,1,GAS_GSH_TRADES,INSERT-UPDATE,LASTCHANGED
GASBB,GAS_LINEPACK_ADEQUACY,1,GAS_LINEPACK_ADEQUACY,INSERT,
GASBB,GAS_LNG_SHIPMENT,1,GAS_LNG_SHIPMENT,INSERT,
GASBB,GAS_LNG_TRANSACTION,1,GAS_LNG_TRANSACTION,INSERT,
GASBB,GAS_LOCATION,1,GAS_LOCATION,UPDATE-INSERT,LASTCHANGED
GASBB,GAS_LOCATION_NODE,1,GAS_LOCATION_NODE,INSERT,
GASBB,GAS_LOCATION_NODE_TRK,1,GAS_LOCATION_NODE_TRK,INSERT,
GASBB,GAS_LOCATION_OPSTATE,1,GAS_LOCATION_OPSTATE,INSERT,
GASBB,GAS_MARKET,1,GAS_MARKET,UPDATE-INSERT,LASTCHANGED
GASBB,GAS_MEDIUM_TERM_CAP_OUTLOOK,1,GAS_MEDIUM_TERM_CAP_OUTLOOK,INSERT-UPDATE,LASTCHANGED
GASBB,GAS_NAMEPLATE_RATING,1,GAS_NAMEPLATE_RATING,INSERT,
GASBB,GAS_NODE,1,GAS_NODE,UPDATE-INSERT,LASTCHANGED
GASBB,GAS_NODE_OPSTATE,1,GAS_NODE_OPSTATE,INSERT,
GASBB,GAS_NOMINATIONS_FORECAST,1,GAS_NOMINATIONS_FORECAST,INSERT,
GASBB,GAS_NOMINATIONS_FORECAST_AGG,1,GAS_NOMINATIONS_FORECAST_AGG,INSERT,
GASBB,GAS_PARTICIPANT,1,GAS_PARTICIPANT,UPDATE-INSERT,LASTCHANGED
GASBB,GAS_PARTICIPANT_CONTACT,1,GAS_PARTICIPANT_CONTACT,INSERT,
GASBB,GAS_PARTICIPANT_CONTACT_TRK,1,GAS_PARTICIPANT_CONTACT_TRK,INSERT,
GASBB,GAS_PARTICIPANT_DETAIL,2,GAS_PARTICIPANT_DETAIL,INSERT,
GASBB,GAS_PARTICIPANT_DETAIL,1,GAS_PARTICIPANT_DETAIL,INSERT,
GASBB,GAS_PARTICIPANT_OPSTATE,1,GAS_PARTICIPANT_OPSTATE,INSERT,
GASBB,GAS_RESERVES_AND_RESOURCES,1,GAS_RESERVES_AND_RESOURCES,INSERT,
GASBB,GAS_SEC_CAP_ORDERS,1,GAS_SEC_CAP_ORDERS,INSERT,
GASBB,GAS_SEC_CAP_ORDERS_TRK,1,GAS_SEC_CAP_ORDERS_TRK,INSERT,
GASBB,GAS_SEC_CAP_TRADES,1,GAS_SEC_CAP_TRADES,INSERT,
GASBB,GAS_SEC_CAP_TRADES_TRK,1,GAS_SEC_CAP_TRADES_TRK,INSERT,
GASBB,GAS_SHIPPER_LIST,1,GAS_SHIPPER_LIST,INSERT,
GASBB,GAS_SHORT_TERM_CAP_OUTLOOK,1,GAS_SHORT_TERM_CAP_OUTLOOK,INSERT,
GASBB,GAS_SHORT_TERM_SWAP_TRANS,1,GAS_SHORT_TERM_SWAP_TRANS,INSERT,
GASBB,GAS_SHORT_TERM_TRANS,1,GAS_SHORT_TERM_TRANS,INSERT,
GASBB,GAS_STATE,1,GAS_STATE,UPDATE-INSERT,LASTCHANGED
GASBB,GAS_STORAGE_CAPACITY_TRANS,1,GAS_STORAGE_CAPACITY_TRANS,INSERT,
GASBB,GAS_UNCONTRACTED_CAP_OUTLOOK,1,GAS_UNCONTRACTED_CAP_OUTLOOK,INSERT,
GCRHS,NULL,1,GENERICCONSTRAINTRHS,INSERT,
GD_INSTRUCT,GDINSTRUCT,1,GDINSTRUCT,INSERT-UPDATE,LASTCHANGED
GD_INSTRUCT,INSTRUCTIONSUBTYPE,1,INSTRUCTIONSUBTYPE,INSERT-UPDATE,LASTCHANGED
GD_INSTRUCT,INSTRUCTIONTYPE,1,INSTRUCTIONTYPE,INSERT-UPDATE,LASTCHANGED
GENCONDATA,NULL,5,GENCONDATA,INSERT,
GENCONDATA,NULL,6,GENCONDATA,INSERT,
GENCONSET,NULL,1,GENCONSET,INSERT,
GENCONSETINVOKE,NULL,2,GENCONSETINVOKE,INSERT,
GENCONSETTRK,NULL,1,GENCONSETTRK,,
GENCONSETTRK,NULL,2,GENCONSETTRK,INSERT,
GENERIC_CONSTRAINT,EMSMASTER,1,EMSMASTER,INSERT-UPDATE,LASTCHANGED
GENERIC_CONSTRAINT,GENCONSETINVOKE,2,GENCONSETINVOKE,INSERT-UPDATE,LASTCHANGED
GEQDESC,NULL,2,GENERICEQUATIONDESC,INSERT-UPDATE,LASTCHANGED
GEQDESC,NULL,1,GENERICEQUATIONDESC,,
GEQRHS,NULL,1,GENERICEQUATIONRHS,INSERT,
GSH,AUCTION_BID,1,GSH_AUCTION_BID,INSERT-UPDATE,LASTCHANGED
GSH,AUCTION_BID_PRODUCT,1,GSH_AUCTION_BID_PRODUCT,INSERT-UPDATE,LASTCHANGED
GSH,AUCTION_BID_PROFILE,1,GSH_AUCTION_BID_PROFILE,INSERT-UPDATE,LASTCHANGED
GSH,AUCTION_BID_STEPS,1,GSH_AUCTION_BID_STEPS,INSERT-UPDATE,LASTCHANGED
GSH,AUCTION_BID_TRK,1,GSH_AUCTION_BID_TRK,INSERT-UPDATE,LASTCHANGED
GSH,AUCTION_CURTAILMENT_NOTICE,1,GSH_AUCTION_CURTAIL_NOTICE,INSERT-UPDATE,LASTCHANGED
GSH,AUCTION_PRICE_VOLUME,1,GSH_AUCTION_PRICE_VOLUME,INSERT-UPDATE,LASTCHANGED
GSH,AUCTION_QUANTITIES,1,GSH_AUCTION_QUANTITIES,INSERT-UPDATE,LASTCHANGED
GSH,AUCTION_RESULTS,1,GSH_AUCTION_RESULTS,INSERT-UPDATE,LASTCHANGED
GSH,AUCTION_RUN,1,GSH_AUCTION_RUN,INSERT-UPDATE,LASTCHANGED
GSH,AUCTION_SUBMISSION,1,GSH_AUCTION_BID_SUBMISSION,INSERT-UPDATE,LASTCHANGED
GSH,BENCHMARK_PRICE,1,GSH_BENCHMARK_PRICE,INSERT-UPDATE,LASTCHANGED
GSH,CAPACITY_TRANSACTION,1,GSH_CAPACITY_TRANSACTION,INSERT-UPDATE,LASTCHANGED
GSH,CAPACITY_TRANSFER_AUCTION_NT,1,GSH_CAP_XFR_AUCTION_NOTICE,INSERT-UPDATE,LASTCHANGED
GSH,CAPACITY_TRANSFER_NOTICE,1,GSH_CAP_XFR_NOTICE,INSERT-UPDATE,LASTCHANGED
GSH,CONTRACT_DETAILS,1,GSH_CONTRACT_DETAILS,INSERT-UPDATE,LASTCHANGED
GSH,CONTRACT_REFERENCES,1,GSH_CONTRACT_REFERENCES,INSERT-UPDATE,LASTCHANGED
GSH,DELIVERED_QUANTITY,1,GSH_DELIVERED_QUANTITY,INSERT-UPDATE,LASTCHANGED
GSH,DELIVERY_NETT_POINTS,1,GSH_DELIVERY_NETT_POINTS,INSERT,
GSH,DELIVERY_NETT_PREFS,1,GSH_DELIVERY_NETT_PREFS,INSERT,
GSH,DELIVERY_OBLIGATION,2,GSH_DELIVERY_OBLIGATIONS,INSERT-UPDATE,LASTCHANGED
GSH,DELIVERY_OBLIGATION,1,GSH_DELIVERY_OBLIGATIONS,INSERT-UPDATE,LASTCHANGED
GSH,FACILITIES,1,GSH_FACILITIES,INSERT-UPDATE,LASTCHANGED
GSH,HISTORICAL_SUMMARY,1,GSH_HISTORICAL_SUMMARY,INSERT-UPDATE,LASTCHANGED
GSH,MARKET_CONTACTS,1,GSH_PARTICIPANT_CONTACTS,INSERT-UPDATE,LASTCHANGED
GSH,NOTIONAL_POINTS,1,GSH_NOTIONAL_POINTS,INSERT-UPDATE,LASTCHANGED
GSH,ORDERS,2,GSH_ORDERS,INSERT-UPDATE,LASTCHANGED
GSH,ORDERS,3,GSH_ORDERS,INSERT-UPDATE,LASTCHANGED
GSH,PARK_SERVICES,1,GSH_PARK_SERVICES,INSERT-UPDATE,LASTCHANGED
GSH,PARTICIPANTS,2,GSH_PARTICIPANTS,INSERT-UPDATE,LASTCHANGED
GSH,PARTICIPANTS,1,GSH_PARTICIPANTS,INSERT-UPDATE,LASTCHANGED
GSH,PARTICIPANT_OPSTATE,1,GSH_PARTICIPANT_OPSTATE,INSERT-UPDATE,LASTCHANGED
GSH,PIPELINE_SEGMENTS,1,GSH_PIPELINE_SEGMENTS,INSERT-UPDATE,LASTCHANGED
GSH,RECEIPT_DELIVERY_POINT_PREF,1,GSH_RCPT_DELIV_POINT_PREFS,INSERT-UPDATE,LASTCHANGED
GSH,REVISED_AUCTION_QUANTITIES,1,GSH_REVISED_AUCT_QUANTITIES,INSERT-UPDATE,LASTCHANGED
GSH,SECDEPOSIT_INTEREST_RATE,1,GSH_SECDEPOSIT_INTEREST_RATE,INSERT,
GSH,SERVICE_POINTS,1,GSH_SERVICE_POINTS,INSERT-UPDATE,LASTCHANGED
GSH,SHIPPER_CAPACITY_XFR_NOTICE,1,GSH_SHIPPER_CAP_XFR_NOTICE,INSERT-UPDATE,LASTCHANGED
GSH,TRADES,3,GSH_TRADES,INSERT-UPDATE,LASTCHANGED
GSH,TRADES,4,GSH_TRADES,INSERT-UPDATE,LASTCHANGED
GSH,TRADES_STAGING,1,GSH_TRADES_STAGING,INSERT-UPDATE,LASTCHANGED
GSH,TRADING_CONTACTS,1,GSH_TRADING_CONTACTS,INSERT-UPDATE,LASTCHANGED
GSH,TRANSACTION_SUMMARY,1,GSH_TRANSACTION_SUMMARY,INSERT-UPDATE,LASTCHANGED
GSH,ZONES,1,GSH_ZONES,INSERT-UPDATE,LASTCHANGED
GSH,ZONE_CURTAILMENT_INFORMATION,1,GSH_ZONE_CURTAILMENT,INSERT-UPDATE,LASTCHANGED
GSH_PRUDENTIAL,AUCTION_FORWARD_EXPOSURE,1,GSH_PRD_AUCT_FWD_EXPOSURE,INSERT,
GSH_PRUDENTIAL,BANK_GUARANTEES,1,GSH_PRD_BANK_GUARANTEES,INSERT,
GSH_PRUDENTIAL,ESTIMATED_MARKET_EXPOSURE,2,GSH_PRD_EST_MARKET_EXPOSURE,INSERT,
GSH_PRUDENTIAL,ESTIMATED_MARKET_EXPOSURE,1,GSH_PRD_EST_MARKET_EXPOSURE,INSERT,
GSH_PRUDENTIAL,REALLOCATIONS,1,GSH_PRD_REALLOCATIONS,INSERT,
GSH_PRUDENTIAL,SECURITY_DEPOSITS,2,GSH_PRD_SECURITY_DEPOSITS,INSERT,
GSH_PRUDENTIAL,SETTLEMENT_AMOUNTS,1,GSH_PRD_SETTLEMENT_AMOUNTS,INSERT,
GSH_PRUDENTIAL,TRADE_FORWARD_EXPOSURE,1,GSH_PRD_TRADE_FWD_EXPOSURE,INSERT,
GSH_REALLOCATION,DAILY_AMOUNT,1,GSH_REALLOC_DAILY_AMOUNT,INSERT,
GSH_REALLOCATION,REALLOCATION,1,GSH_REALLOC_REALLOCATION,INSERT-UPDATE,LASTCHANGED
GSH_SETTLEMENT,ADHOC,1,GSH_SUPP_ADHOC,INSERT,
GSH_SETTLEMENT,AUCTION_QUANTITIES,1,GSH_SUPP_AUCTION_QUANTITIES,INSERT,
GSH_SETTLEMENT,CAPACITY_AUCTION,1,GSH_SUPP_CAPACITY_AUCTION,INSERT,
GSH_SETTLEMENT,CAPACITY_TRANSFERS,1,GSH_SUPP_CAPACITY_TRANSFERS,INSERT,
GSH_SETTLEMENT,CAPACITY_VARIANCE,1,GSH_SUPP_CAPACITY_VARIANCE,INSERT,
GSH_SETTLEMENT,DELIVERED_QUANTITY,1,GSH_SUPP_DELIVERED_QUANTITY,INSERT,
GSH_SETTLEMENT,DELIVERY_VARIANCE,1,GSH_SUPP_DELIVERY_VARIANCE,INSERT,
GSH_SETTLEMENT,EXECUTED_TRADES,1,GSH_SUPP_EXECUTED_TRADES,INSERT,
GSH_SETTLEMENT,FEE,1,GSH_SUPP_FEE,INSERT,
GSH_SETTLEMENT,PHYSICAL_GAS,1,GSH_SUPP_PHYSICAL_GAS,INSERT,
GSH_SETTLEMENT,REALLOCATIONS,1,GSH_SUPP_REALLOCATIONS,INSERT,
GSH_SETTLEMENT,SERVICES,1,GSH_SUPP_SERVICES,INSERT,
GSH_SETTLEMENT,SETTLEMENT_RUN,1,GSH_SUPP_SETTLEMENT_RUN,INSERT-UPDATE,LASTCHANGED
GSH_SETTLEMENT,SETTLEMENT_SUMMARY,1,GSH_SUPP_SETTLEMENT_SUMMARY,INSERT,
IRAUCTION,RESIDUE_BID_TRK,1,RESIDUE_BID_TRK,INSERT,
IRAUCTION,RESIDUE_CONTRACTS,1,RESIDUE_CONTRACTS,INSERT-UPDATE,LASTCHANGED
IRAUCTION,RESIDUE_CON_DATA,1,RESIDUE_CON_DATA,INSERT,
IRAUCTION,RESIDUE_CON_DATA,2,RESIDUE_CON_DATA,INSERT,
IRAUCTION,RESIDUE_CON_ESTIMATES_TRK,1,RESIDUE_CON_ESTIMATES_TRK,INSERT,
IRAUCTION,RESIDUE_CON_FUNDS,1,RESIDUE_CON_FUNDS,INSERT,
IRAUCTION,RESIDUE_PRICE_BID,1,RESIDUE_PRICE_BID,INSERT,
IRAUCTION,RESIDUE_PRICE_FUNDS_BID,1,RESIDUE_PRICE_FUNDS_BID,INSERT,
IRAUCTION,RESIDUE_PUBLIC_DATA,1,RESIDUE_PUBLIC_DATA,INSERT,
IRAUCTION,RESIDUE_TRK,1,RESIDUE_TRK,INSERT-UPDATE,LASTCHANGED
IRAUCTION,SRA_CASH_SECURITY,1,SRA_CASH_SECURITY,INSERT-UPDATE,LASTCHANGED
IRAUCTION,SRA_FINANCIAL_AUCPAY_DETAIL,1,SRA_FINANCIAL_AUCPAY_DETAIL,INSERT,
IRAUCTION,SRA_FINANCIAL_AUCPAY_SUM,1,SRA_FINANCIAL_AUCPAY_SUM,INSERT,
IRAUCTION,SRA_FINANCIAL_AUC_MARDETAIL,1,SRA_FINANCIAL_AUC_MARDETAIL,INSERT,
IRAUCTION,SRA_FINANCIAL_AUC_MARGIN,1,SRA_FINANCIAL_AUC_MARGIN,INSERT,
IRAUCTION,SRA_FINANCIAL_AUC_RECEIPTS,1,SRA_FINANCIAL_AUC_RECEIPTS,INSERT,
IRAUCTION,SRA_FINANCIAL_RUNTRK,1,SRA_FINANCIAL_RUNTRK,INSERT,
IRAUCTION,SRA_OFFER_PRODUCT,1,SRA_OFFER_PRODUCT,INSERT-UPDATE,LASTCHANGED
IRAUCTION,SRA_OFFER_PROFILE,1,SRA_OFFER_PROFILE,INSERT-UPDATE,LASTCHANGED
IRAUCTION,SRA_PRUDENTIAL_CASH_SECURITY,1,SRA_PRUDENTIAL_CASH_SECURITY,INSERT,
IRAUCTION,SRA_PRUDENTIAL_COMP_POSITION,1,SRA_PRUDENTIAL_COMP_POSITION,INSERT,
IRAUCTION,SRA_PRUDENTIAL_EXPOSURE,1,SRA_PRUDENTIAL_EXPOSURE,INSERT,
IRAUCTION,SRA_PRUDENTIAL_RUN,1,SRA_PRUDENTIAL_RUN,INSERT,
IRAUCTION,VALUATIONID,1,VALUATIONID,INSERT,
IRAUCTION_BIDS,FILE_TRK,1,RESIDUEFILETRK,INSERT,
IRAUCTION_BIDS,FUNDS_BID,1,RESIDUE_FUNDS_BID,INSERT,
IRAUCTION_BIDS,PRICE_BID,1,RESIDUE_PRICE_BID,INSERT,
IRAUCTION_CONFIG,AUCTION,1,AUCTION,INSERT-UPDATE,LASTCHANGED
IRAUCTION_CONFIG,AUCTION_CALENDAR,1,AUCTION_CALENDAR,INSERT-UPDATE,LASTCHANGED
IRAUCTION_CONFIG,AUCTION_CALENDAR,2,AUCTION_CALENDAR,INSERT-UPDATE,LASTCHANGED
IRAUCTION_CONFIG,AUCTION_IC_ALLOCATIONS,1,AUCTION_IC_ALLOCATIONS,INSERT-UPDATE,LASTCHANGED
IRAUCTION_CONFIG,AUCTION_IC_ALLOCATIONS,2,AUCTION_IC_ALLOCATIONS,INSERT-UPDATE,LASTCHANGED
IRAUCTION_CONFIG,AUCTION_REVENUE_ESTIMATE,1,AUCTION_REVENUE_ESTIMATE,INSERT-UPDATE,LASTCHANGED
IRAUCTION_CONFIG,AUCTION_REVENUE_TRACK,1,AUCTION_REVENUE_TRACK,INSERT-UPDATE,LASTCHANGED
IRAUCTION_CONFIG,AUCTION_RP_ESTIMATE,1,AUCTION_RP_ESTIMATE,INSERT-UPDATE,LASTCHANGED
IRAUCTION_CONFIG,AUCTION_TRANCHE,1,AUCTION_TRANCHE,INSERT-UPDATE,LASTCHANGED
MARKET_CONFIG,BIDTYPES,1,BIDTYPES,INSERT-UPDATE,LASTCHANGED
MARKET_CONFIG,BIDTYPESTRK,1,BIDTYPESTRK,INSERT-UPDATE,LASTCHANGED
MARKET_CONFIG,INTERCONNECTOR,1,INTERCONNECTOR,INSERT-UPDATE,LASTCHANGED
MARKET_CONFIG,INTERCONNECTORALLOC,1,INTERCONNECTORALLOC,INSERT,
MARKET_CONFIG,INTERCONNECTORCONSTRAINT,1,INTERCONNECTORCONSTRAINT,INSERT-UPDATE,LASTCHANGED
MARKET_CONFIG,INTRAREGIONALLOC,1,INTRAREGIONALLOC,INSERT,
MARKET_CONFIG,LOSSFACTORMODEL,1,LOSSFACTORMODEL,INSERT-UPDATE,LASTCHANGED
MARKET_CONFIG,LOSSMODEL,1,LOSSMODEL,INSERT-UPDATE,LASTCHANGED
MARKET_CONFIG,MARKET_PRICE_THRESHOLDS,1,MARKET_PRICE_THRESHOLDS,INSERT,
MARKET_CONFIG,REGION,1,REGION,INSERT-UPDATE,LASTCHANGED
MARKET_CONFIG,REGIONSTANDINGDATA,1,REGIONSTANDINGDATA,INSERT-UPDATE,LASTCHANGED
MARKET_CONFIG,TRANSMISSIONLOSSFACTOR,1,TRANSMISSIONLOSSFACTOR,INSERT-UPDATE,LASTCHANGED
MARKET_CONFIG,TRANSMISSIONLOSSFACTOR,2,TRANSMISSIONLOSSFACTOR,INSERT-UPDATE,LASTCHANGED
MARKET_NOTICE,MARKETNOTICEDATA,1,MARKETNOTICEDATA,INSERT,
MARKET_NOTICE,MARKETNOTICETYPE,1,MARKETNOTICETYPE,INSERT-UPDATE,LASTCHANGED
MARKET_NOTICE,PARTICIPANTNOTICETRK,1,PARTICIPANTNOTICETRK,INSERT,
MCC,CASESOLUTION,1,MCC_CASESOLUTION,INSERT,
MCC,CONSTRAINTSOLUTION,1,MCC_CONSTRAINTSOLUTION,INSERT,
METERDATA,AGGREGATE_READS,1,METERDATA_AGGREGATE_READS,INSERT,
METERDATA,INDIVIDUAL_READS,1,METERDATA_INDIVIDUAL_READS,INSERT,
METERDATA,INTERCONNECTOR,1,METERDATA_INTERCONNECTOR,INSERT,
METERDATA,METERDATA_SAPS,1,METERDATA_SAPS,INSERT,
METERDATA,TRK,1,METERDATA_TRK,INSERT,
METERDATA,WDR_READS,1,METERDATA_WDR_READS,INSERT,
METER_DATA,CUSTOMER,1,METERDATA,INSERT,
METER_DATA,CUSTOMER_TRK,1,METERDATATRK,INSERT,
METER_DATA,GEN_DUID,1,METERDATA_GEN_DUID,INSERT-UPDATE,
MR,DAYOFFER_STACK,1,MR_DAYOFFER_STACK,INSERT,
MR,EVENT,1,MR_EVENT,INSERT,
MR,EVENT_SCHEDULE,1,MR_EVENT_SCHEDULE,INSERT,
MR,PEROFFER_STACK,1,MR_PEROFFER_STACK,INSERT,
MTPASA,CASERESULT,1,MTPASA_CASERESULT,INSERT,
MTPASA,CONSTRAINTRESULT,1,MTPASA_CONSTRAINTRESULT,INSERT,
MTPASA,CONSTRAINTSUMMARY,1,MTPASA_CONSTRAINTSUMMARY,INSERT,
MTPASA,DUIDAVAILABILITY,3,MTPASA_DUIDAVAILABILITY,INSERT,
MTPASA,DUIDAVAILABILITY,2,MTPASA_DUIDAVAILABILITY,INSERT,
MTPASA,INTERCONNECTORRESULT,1,MTPASA_INTERCONNECTORRESULT,INSERT,
MTPASA,LOLPRESULT,1,MTPASA_LOLPRESULT,INSERT,
MTPASA,REGIONAVAILABILITY,4,MTPASA_REGIONAVAILABILITY,INSERT,
MTPASA,REGIONAVAILABILITY,3,MTPASA_REGIONAVAILABILITY,INSERT,
MTPASA,REGIONAVAILTRK,1,MTPASA_REGIONAVAIL_TRK,INSERT,
MTPASA,REGIONITERATION,1,MTPASA_REGIONITERATION,INSERT,
MTPASA,REGIONRESULT,1,MTPASA_REGIONRESULT,INSERT,
MTPASA,REGIONRESULT,2,MTPASA_REGIONRESULT,INSERT,
MTPASA,REGIONSUMMARY,1,MTPASA_REGIONSUMMARY,INSERT,
MTPASA,RESERVELIMIT,1,MTPASA_RESERVELIMIT,INSERT,
MTPASA,RESERVELIMIT_REGION,1,MTPASA_RESERVELIMIT_REGION,INSERT,
MTPASA,RESERVELIMIT_SET,1,MTPASA_RESERVELIMIT_SET,INSERT,
NETWORK,EQUIPMENTDETAIL,1,NETWORK_EQUIPMENTDETAIL,INSERT-UPDATE,LASTCHANGED
NETWORK,EQUIPMENTDETAIL,2,NETWORK_EQUIPMENTDETAIL,INSERT-UPDATE,LASTCHANGED
NETWORK,OUTAGECONSTRAINTSET,1,NETWORK_OUTAGECONSTRAINTSET,INSERT,
NETWORK,OUTAGEDETAIL,3,NETWORK_OUTAGEDETAIL,INSERT-UPDATE,LASTCHANGED
NETWORK,OUTAGEDETAIL,4,NETWORK_OUTAGEDETAIL,INSERT-UPDATE,LASTCHANGED
NETWORK,OUTAGESTATUSCODE,1,NETWORK_OUTAGESTATUSCODE,INSERT-UPDATE,LASTCHANGED
NETWORK,RATING,1,NETWORK_RATING,INSERT-UPDATE,LASTCHANGED
NETWORK,REALTIMERATING,1,NETWORK_REALTIMERATING,INSERT,
NETWORK,STATICRATING,1,NETWORK_STATICRATING,INSERT-UPDATE,LASTCHANGED
NETWORK,SUBSTATIONDETAIL,1,NETWORK_SUBSTATIONDETAIL,INSERT-UPDATE,LASTCHANGED
NETWORK,SUBSTATIONDETAIL,2,NETWORK_SUBSTATIONDETAIL,INSERT-UPDATE,LASTCHANGED
OFFER,BIDDAYOFFER,2,BIDDAYOFFER,INSERT,
OFFER,BIDDAYOFFER,1,BIDDAYOFFER,INSERT,
OFFER,BIDOFFERFILETRK,1,BIDOFFERFILETRK,INSERT,
OFFER,BIDPEROFFER,1,BIDPEROFFER,INSERT,
OFFER,MTPASA_OFFERDATA,1,MTPASA_OFFERDATA,INSERT,
OFFER,MTPASA_OFFERDATA,2,MTPASA_OFFERDATA,INSERT,
OFFER,MTPASA_OFFERFILETRK,1,MTPASA_OFFERFILETRK,INSERT,
OPERATIONAL_DEMAND,ACTUAL,3,DEMANDOPERATIONALACTUAL,INSERT-UPDATE,LASTCHANGED
OPERATIONAL_DEMAND,ACTUAL,2,DEMANDOPERATIONALACTUAL,INSERT-UPDATE,LASTCHANGED
OPERATIONAL_DEMAND,FORECAST,1,DEMANDOPERATIONALFORECAST,UPDATE-INSERT,LASTCHANGED
P5MIN,BLOCKED_CONSTRAINTS,1,P5MIN_BLOCKEDCONSTRAINT,INSERT,
P5MIN,CASESOLUTION,2,P5MIN_CASESOLUTION,INSERT,
P5MIN,CONSTRAINTSOLUTION,6,P5MIN_CONSTRAINTSOLUTION,INSERT,
P5MIN,FCAS_REQUIRMENT,1,P5MIN_FCAS_REQUIREMENT,INSERT,LASTCHANGED
P5MIN,INTERCONNECTORSOLN,4,P5MIN_INTERCONNECTORSOLN,INSERT,
P5MIN,INTERSENSITIVITIES,1,P5MIN_INTERSENSITIVITIES,INSERT,
P5MIN,LOCAL_PRICE,1,P5MIN_LOCAL_PRICE,INSERT,
P5MIN,PRICESENSITIVITIES,1,P5MIN_PRICESENSITIVITIES,INSERT,
P5MIN,REGIONSOLUTION,7,P5MIN_REGIONSOLUTION,INSERT,
P5MIN,REGIONSOLUTION,8,P5MIN_REGIONSOLUTION,INSERT,
P5MIN,SCENARIODEMAND,1,P5MIN_SCENARIODEMAND,INSERT,
P5MIN,SCENARIODEMANDTRK,1,P5MIN_SCENARIODEMANDTRK,INSERT-UPDATE,LASTCHANGED
P5MIN,UNITSOLUTION,4,P5MIN_UNITSOLUTION,INSERT,
P5MIN,UNITSOLUTION,5,P5MIN_UNITSOLUTION,INSERT,
PARTICIPANT_REGISTRATION,ADG_DETAIL,1,ADG_DETAIL,INSERT,
PARTICIPANT_REGISTRATION,AGGREGATE_DISPATCH_GROUP,1,AGGREGATE_DISPATCH_GROUP,INSERT-UPDATE,LASTCHANGED
PARTICIPANT_REGISTRATION,BIDDUIDDETAILS,1,BIDDUIDDETAILS,INSERT-UPDATE,LASTCHANGED
PARTICIPANT_REGISTRATION,BIDDUIDDETAILSTRK,1,BIDDUIDDETAILSTRK,INSERT-UPDATE,LASTCHANGED
PARTICIPANT_REGISTRATION,DISPATCHABLEUNIT,1,DISPATCHABLEUNIT,INSERT-UPDATE,LASTCHANGED
PARTICIPANT_REGISTRATION,DUALLOC,1,DUALLOC,INSERT,
PARTICIPANT_REGISTRATION,DUDETAIL,5,DUDETAIL,INSERT,
PARTICIPANT_REGISTRATION,DUDETAIL,4,DUDETAIL,INSERT,
PARTICIPANT_REGISTRATION,DUDETAILSUMMARY,5,DUDETAILSUMMARY,INSERT-UPDATE,LASTCHANGED
PARTICIPANT_REGISTRATION,DUDETAILSUMMARY,6,DUDETAILSUMMARY,INSERT-UPDATE,LASTCHANGED
PARTICIPANT_REGISTRATION,GENMETER,1,GENMETER,INSERT,
PARTICIPANT_REGISTRATION,GENUNITS,1,GENUNITS,INSERT-UPDATE,LASTCHANGED
PARTICIPANT_REGISTRATION,GENUNITS,2,GENUNITS,INSERT-UPDATE,LASTCHANGED
PARTICIPANT_REGISTRATION,GENUNITS_UNIT,1,GENUNITS_UNIT,INSERT-UPDATE,LASTCHANGED
PARTICIPANT_REGISTRATION,MNSP_INTERCONNECTOR,1,MNSP_INTERCONNECTOR,INSERT-UPDATE,LASTCHANGED
PARTICIPANT_REGISTRATION,MNSP_INTERCONNECTOR,2,MNSP_INTERCONNECTOR,INSERT-UPDATE,LASTCHANGED
PARTICIPANT_REGISTRATION,MNSP_PARTICIPANT,1,MNSP_PARTICIPANT,INSERT-UPDATE,LASTCHANGED
PARTICIPANT_REGISTRATION,PARTICIPANT,1,PARTICIPANT,INSERT-UPDATE,LASTCHANGED
PARTICIPANT_REGISTRATION,PARTICIPANTACCOUNT,1,PARTICIPANTACCOUNT,INSERT-UPDATE,LASTCHANGED
PARTICIPANT_REGISTRATION,PARTICIPANTCATEGORY,1,PARTICIPANTCATEGORY,INSERT,
PARTICIPANT_REGISTRATION,PARTICIPANTCATEGORYALLOC,1,PARTICIPANTCATEGORYALLOC,INSERT,
PARTICIPANT_REGISTRATION,PARTICIPANTCLASS,1,PARTICIPANTCLASS,INSERT,
PARTICIPANT_REGISTRATION,PARTICIPANTCREDITDETAIL,1,PARTICIPANTCREDITDETAIL,INSERT-UPDATE,LASTCHANGED
PARTICIPANT_REGISTRATION,PMS_GROUP,1,PMS_GROUP,UPDATE-INSERT,LASTCHANGED
PARTICIPANT_REGISTRATION,PMS_GROUPNMI,1,PMS_GROUPNMI,UPDATE-INSERT,LASTCHANGED
PARTICIPANT_REGISTRATION,PMS_GROUPSERVICE,1,PMS_GROUPSERVICE,UPDATE-INSERT,LASTCHANGED
PARTICIPANT_REGISTRATION,STADUALLOC,1,STADUALLOC,INSERT,
PARTICIPANT_REGISTRATION,STATION,1,STATION,INSERT-UPDATE,LASTCHANGED
PARTICIPANT_REGISTRATION,STATIONOPERATINGSTATUS,1,STATIONOPERATINGSTATUS,INSERT-UPDATE,LASTCHANGED
PARTICIPANT_REGISTRATION,STATIONOWNER,1,STATIONOWNER,INSERT-UPDATE,LASTCHANGED
PARTICIPANT_REGISTRATION,STATIONOWNERTRK,1,STATIONOWNERTRK,INSERT-UPDATE,LASTCHANGED
PDPASA,CASESOLUTION,3,PDPASA_CASESOLUTION,INSERT,
PDPASA,CONSTRAINTSOLUTION,1,PDPASA_CONSTRAINTSOLUTION,INSERT,
PDPASA,INTERCONNECTORSOLN,1,PDPASA_INTERCONNECTORSOLN,INSERT,
PDPASA,REGIONSOLUTION,7,PDPASA_REGIONSOLUTION,INSERT,
PDPASA,REGIONSOLUTION,6,PDPASA_REGIONSOLUTION,INSERT,
PREDISPATCH,BLOCKED_CONSTRAINTS,1,PREDISPATCHBLOCKEDCONSTRAINT,INSERT,
PREDISPATCH,CASE_SOLUTION,1,PREDISPATCHCASESOLUTION,INSERT,
PREDISPATCH,CONSTRAINT_SOLUTION,5,PREDISPATCHCONSTRAINT,UPDATE-INSERT,LASTCHANGED
PREDISPATCH,INTERCONNECTOR_SOLN,3,PREDISPATCHINTERCONNECTORRES,UPDATE-INSERT,LASTCHANGED
PREDISPATCH,INTERCONNECTR_SENS,1,PREDISPATCHINTERSENSITIVITIES,UPDATE-INSERT,LASTCHANGED
PREDISPATCH,LOCAL_PRICE,1,PREDISPATCH_LOCAL_PRICE,UPDATE-INSERT,LASTCHANGED
PREDISPATCH,MNSPBIDTRK,1,PREDISPATCH_MNSPBIDTRK,INSERT,
PREDISPATCH,OFFERTRK,1,PREDISPATCHOFFERTRK,INSERT,
PREDISPATCH,PRICESENSITIVITIES,1,PREDISPATCHPRICESENSITIVITIES,UPDATE-INSERT,LASTCHANGED
PREDISPATCH,REGIONFCASREQUIREMENT,2,PREDISPATCH_FCAS_REQ,UPDATE-INSERT,LASTCHANGED
PREDISPATCH,REGIONFCASREQUIREMENT,1,PREDISPATCH_FCAS_REQ,UPDATE-INSERT,LASTCHANGED
PREDISPATCH,REGION_PRICES,1,PREDISPATCHPRICE,UPDATE-INSERT,LASTCHANGED
PREDISPATCH,REGION_PRICES,2,PREDISPATCHPRICE,UPDATE-INSERT,LASTCHANGED
PREDISPATCH,REGION_SOLUTION,6,PREDISPATCHREGIONSUM,UPDATE-INSERT,LASTCHANGED
PREDISPATCH,REGION_SOLUTION,7,PREDISPATCHREGIONSUM,UPDATE-INSERT,LASTCHANGED
PREDISPATCH,SCENARIO_DEMAND,1,PREDISPATCHSCENARIODEMAND,INSERT,
PREDISPATCH,SCENARIO_DEMAND_TRK,1,PREDISPATCHSCENARIODEMANDTRK,INSERT-UPDATE,LASTCHANGED
PREDISPATCH,UNIT_SOLUTION,2,PREDISPATCHLOAD,UPDATE-INSERT,LASTCHANGED
PREDISPATCH,UNIT_SOLUTION,3,PREDISPATCHLOAD,UPDATE-INSERT,LASTCHANGED
PRICELOAD,CONSTRAINTRELAXATION,1,CONSTRAINTRELAXATION_OCD,INSERT-UPDATE,LASTCHANGED
PRICELOAD,CONSTRAINT_FCAS_OCD,1,DISPATCH_CONSTRAINT_FCAS_OCD,INSERT-UPDATE,LASTCHANGED
PRICELOAD,PRICE_REVISION,1,DISPATCH_PRICE_REVISION,INSERT,
PRUDENTIAL,COMPANY_POSITION,1,PRUDENTIALCOMPANYPOSITION,INSERT,
PRUDENTIAL,RUNTRK,1,PRUDENTIALRUNTRK,INSERT-UPDATE,LASTCHANGED
RESERVE_DATA,RESERVE,1,RESERVE,INSERT-UPDATE,LASTCHANGED
ROOFTOP,ACTUAL,1,ROOFTOP_PV_ACTUAL,INSERT,
ROOFTOP,ACTUAL,2,ROOFTOP_PV_ACTUAL,INSERT,
ROOFTOP,FORECAST,1,ROOFTOP_PV_FORECAST,INSERT,
SETCFG,REALLOCATION,2,REALLOCATION,INSERT-UPDATE,LASTCHANGED
SETCFG,REALLOCATION,1,REALLOCATION,INSERT-UPDATE,LASTCHANGED
SETCFG,REALLOCATIONINTERVAL,1,REALLOCATIONINTERVAL,INSERT-UPDATE,LASTCHANGED
SETCFG,SAPS_SETT_PRICE,1,SETCFG_SAPS_SETT_PRICE,INSERT,
SETTLEMENTS,ANCILLARY_SUMMARY,5,SET_ANCILLARY_SUMMARY,INSERT,
SETTLEMENTS,APC_COMPENSATION,1,SET_APC_COMPENSATION,INSERT,
SETTLEMENTS,APC_RECOVERY,1,SET_APC_RECOVERY,INSERT,
SETTLEMENTS,CPDATA,7,SETCPDATA,INSERT,
SETTLEMENTS,CPDATA,6,SETCPDATA,INSERT,
SETTLEMENTS,CPDATAREGION,5,SETCPDATAREGION,INSERT,
SETTLEMENTS,DAYTRACK,6,DAYTRACK,INSERT,
SETTLEMENTS,ENERGY_TRAN_SAPS,1,SET_ENERGY_TRAN_SAPS,INSERT,
SETTLEMENTS,FCASCOMP,5,SETFCASCOMP,INSERT,
SETTLEMENTS,FCASREGIONRECOVERY,5,SETFCASREGIONRECOVERY,INSERT,
SETTLEMENTS,FCAS_PAYMENT,6,SET_FCAS_PAYMENT,INSERT,
SETTLEMENTS,FCAS_PAYMENT,5,SET_FCAS_PAYMENT,INSERT,
SETTLEMENTS,FCAS_RECOVERY,6,SET_FCAS_RECOVERY,INSERT,
SETTLEMENTS,FCAS_RECOVERY,7,SET_FCAS_RECOVERY,INSERT,
SETTLEMENTS,GENDATA,6,SETGENDATA,INSERT,
SETTLEMENTS,GENDATAREGION,5,SETGENDATAREGION,INSERT,
SETTLEMENTS,INTERVENTION,5,SETINTERVENTION,INSERT,
SETTLEMENTS,INTERVENTIONRECOVERY,5,SETINTERVENTIONRECOVERY,INSERT,
SETTLEMENTS,INTRAREGIONRESIDUES,5,SETINTRAREGIONRESIDUES,INSERT,
SETTLEMENTS,IRAUCSURPLUS,6,SETIRAUCSURPLUS,INSERT,
SETTLEMENTS,IRNSPSURPLUS,6,SETIRNSPSURPLUS,INSERT,
SETTLEMENTS,IRPARTSURPLUS,6,SETIRPARTSURPLUS,INSERT,
SETTLEMENTS,IRSURPLUS,6,SETIRSURPLUS,INSERT,
SETTLEMENTS,LOCALAREAENERGY,1,SETLOCALAREAENERGY,INSERT,
SETTLEMENTS,LOCALAREATNI,1,SETLOCALAREATNI,INSERT,
SETTLEMENTS,LSHEDPAYMENT,5,SETLSHEDPAYMENT,INSERT,
SETTLEMENTS,MARKETFEES,6,SETMARKETFEES,INSERT,
SETTLEMENTS,MR_PAYMENT,5,SET_MR_PAYMENT,INSERT,
SETTLEMENTS,MR_RECOVERY,5,SET_MR_RECOVERY,INSERT,
SETTLEMENTS,NMAS_RECOVERY,2,SET_NMAS_RECOVERY,INSERT,
SETTLEMENTS,NMAS_RECOVERY_RBF,1,SET_NMAS_RECOVERY_RBF,INSERT,
SETTLEMENTS,REALLOCATIONS,5,SETREALLOCATIONS,INSERT,
SETTLEMENTS,RECOVERY_ENERGY,1,SET_RECOVERY_ENERGY,INSERT,
SETTLEMENTS,RESTARTPAYMENT,6,SETRESTARTPAYMENT,INSERT,
SETTLEMENTS,RESTARTRECOVERY,6,SETRESTARTRECOVERY,INSERT,
SETTLEMENTS,RPOWERPAYMENT,6,SETRPOWERPAYMENT,INSERT,
SETTLEMENTS,RUN_PARAMETER,5,SET_RUN_PARAMETER,INSERT,
SETTLEMENTS,SET_FCAS_REGULATION_TRK,2,SET_FCAS_REGULATION_TRK,INSERT,
SETTLEMENTS,SMALLGENDATA,1,SETSMALLGENDATA,INSERT,
SETTLEMENTS,SUBST_DEMAND,1,SET_SUBSTITUTE_DEMAND,INSERT,
SETTLEMENTS,SUBST_RUN_VERSION,1,SET_SUBST_RUN_VERSION,INSERT,
SETTLEMENTS,WDR_RECON_DETAIL,1,SET_WDR_RECON_DETAIL,INSERT,
SETTLEMENTS,WDR_TRANSACT,1,SET_WDR_TRANSACT,INSERT,
SETTLEMENTS_CONFIG,WDRRR_CALENDAR,1,SETCFG_WDRRR_CALENDAR,INSERT,
SETTLEMENTS_CONFIG,WDR_REIMBURSE_RATE,1,SETCFG_WDR_REIMBURSE_RATE,INSERT,
SETTLEMENT_CONFIG,ANCILLARY_RECOVERY_SPLIT,1,ANCILLARY_RECOVERY_SPLIT,INSERT-UPDATE,LASTCHANGED
SETTLEMENT_CONFIG,MARKETFEE,1,MARKETFEE,INSERT-UPDATE,LASTCHANGED
SETTLEMENT_CONFIG,MARKETFEEDATA,1,MARKETFEEDATA,INSERT-UPDATE,LASTCHANGED
SETTLEMENT_CONFIG,MARKETFEETRK,1,MARKETFEETRK,INSERT-UPDATE,LASTCHANGED
SETTLEMENT_CONFIG,MARKET_FEE_CAT_EXCL,1,MARKET_FEE_CAT_EXCL,INSERT,
SETTLEMENT_CONFIG,MARKET_FEE_CAT_EXCL_TRK,1,MARKET_FEE_CAT_EXCL_TRK,INSERT,
SETTLEMENT_CONFIG,MARKET_FEE_EXCLUSION,1,MARKET_FEE_EXCLUSION,INSERT-UPDATE,LASTCHANGED
SETTLEMENT_CONFIG,MARKET_FEE_EXCLUSION_TRK,1,MARKET_FEE_EXCLUSIONTRK,INSERT-UPDATE,LASTCHANGED
SETTLEMENT_CONFIG,PARTICIPANT_BANDFEE_ALLOC,1,PARTICIPANT_BANDFEE_ALLOC,INSERT,
SETTLEMENT_CONFIG,RESIDUECONTRACTPAYMENTS,1,RESIDUECONTRACTPAYMENTS,INSERT,
SETTLEMENT_CONFIG,SETCFG_PARTICIPANT_MPF,1,SETCFG_PARTICIPANT_MPF,INSERT-UPDATE,LASTCHANGED
SETTLEMENT_CONFIG,SETCFG_PARTICIPANT_MPFTRK,1,SETCFG_PARTICIPANT_MPFTRK,INSERT-UPDATE,LASTCHANGED
SPDCPC,NULL,2,SPDCONNECTIONPOINTCONSTRAINT,INSERT,
SPDICC,NULL,1,SPDINTERCONNECTORCONSTRAINT,INSERT,
SPDRC,NULL,2,SPDREGIONCONSTRAINT,INSERT,
STPASA,CASESOLUTION,3,STPASA_CASESOLUTION,INSERT,
STPASA,CONSTRAINTSOLUTION,3,STPASA_CONSTRAINTSOLUTION,INSERT,
STPASA,INTERCONNECTORSOLN,3,STPASA_INTERCONNECTORSOLN,INSERT,
STPASA,REGIONSOLUTION,6,STPASA_REGIONSOLUTION,INSERT,
STPASA,REGIONSOLUTION,7,STPASA_REGIONSOLUTION,INSERT,
TRADING,AVERAGEPRICE30,1,AVERAGEPRICE30,INSERT-UPDATE,LASTCHANGED
TRADING,INTERCONNECTORRES,2,TRADINGINTERCONNECT,INSERT,
TRADING,PRICE,2,TRADINGPRICE,INSERT-UPDATE,LASTCHANGED
TRADING,PRICE,3,TRADINGPRICE,INSERT-UPDATE,LASTCHANGED
TRADING,REGIONSUM,4,TRADINGREGIONSUM,INSERT,
TRADING,UNIT_SOLUTION,1,TRADINGLOAD,INSERT,
TRADING,UNIT_SOLUTION,2,TRADINGLOAD,INSERT,
VOLTAGE_INSTRUCTION,INSTRUCTION,1,VOLTAGE_INSTRUCTION,INSERT,
VOLTAGE_INSTRUCTION,INSTRUCTION,2,VOLTAGE_INSTRUCTION,INSERT,
VOLTAGE_INSTRUCTION,TRACK,2,VOLTAGE_INSTRUCTION_TRK,INSERT,
VOLTAGE_INSTRUCTION,TRACK,1,VOLTAGE_INSTRUCTION_TRK,INSERT,
