ROW,MMSDM_PACKAGE_NAME,MMSDM_TABLE_NAME,FILE_IDENTIFIER,FILE_NAME,PDR_RECORD_TYPE,PDR_REPORT_NAME,PDR_REPORT_SUB_TYPE,PDR_REPORT_VERSION,PDR_REPORT_TRANSACTION_TYPE,PDR_REPORT_ROW_FILTER_TYPE
1,ANCILLIARY_SERVICES,CONTRACTAGC,CONTRACTAGC,<#VISIBILITY_ID>_ANCILLIARY_SERVICES_<#REPORT_DATETIME>_<#EVENT_QUEUE_ID>.CSV,ANCILLIARY_SERVICES,ANCILLIARY_SERVICES,CONTRACTAGC,1,INSERT-UPDATE,LASTCHANGED
2,ANCILLIARY_SERVICES,CONTRACTLOADSHED,CONTRACTLOADSHED,<#VISIBILITY_ID>_ANCILLIARY_SERVICES_<#REPORT_DATETIME>_<#EVENT_QUEUE_ID>.CSV,ANCILLIARY_SERVICES,ANCILLIARY_SERVICES,CONTRACTLOADSHED,2,INSERT-UPDATE,LASTCHANGED
3,ANCILLIARY_SERVICES,CONTRACTREACTIVEPOWER,CONTRACTREACTIVEPOWER,<#VISIBILITY_ID>_ANCILLIARY_SERVICES_<#REPORT_DATETIME>_<#EVENT_QUEUE_ID>.CSV,ANCILLIARY_SERVICES,ANCILLIARY_SERVICES,CONTRACTREACTIVEPOWER,4,INSERT-UPDATE,LASTCHANGED
4,ANCILLIARY_SERVICES,CONTRACTRESTARTSERVICES,CONTRACTRESTARTSERVICES,<#VISIBILITY_ID>_ANCILLIARY_SERVICES_<#REPORT_DATETIME>_<#EVENT_QUEUE_ID>.CSV,ANCILLIARY_SERVICES,ANCILLIARY_SERVICES,CONTRACTRESTARTSERVICES,2,INSERT-UPDATE,LASTCHANGED
5,ANCILLIARY_SERVICES,CONTRACTRESTARTUNITS,CONTRACTRESTARTUNITS,<#VISIBILITY_ID>_ANCILLIARY_SERVICES_<#REPORT_DATETIME>_<#EVENT_QUEUE_ID>.CSV,ANCILLIARY_SERVICES,ANCILLIARY_SERVICES,CONTRACTRESTARTUNITS,1,INSERT-UPDATE,LASTCHANGED
6,ASOFFER,OFFERAGCDATA,OFFERAGCDATA,<#VISIBILITY_ID>_ASOFFER_<#REPORT_DATETIME>_<#EVENT_QUEUE_ID>.CSV,ASOFFER,ASOFFER,OFFERAGCDATA,1,INSERT,
7,ASOFFER,OFFERASTRK,OFFERASTRK,<#VISIBILITY_ID>_ASOFFER_<#REPORT_DATETIME>_<#EVENT_QUEUE_ID>.CSV,ASOFFER,ASOFFER,OFFERASTRK,1,INSERT,
8,ASOFFER,OFFERLSHEDDATA,OFFERLSHEDDATA,<#VISIBILITY_ID>_ASOFFER_<#REPORT_DATETIME>_<#EVENT_QUEUE_ID>.CSV,ASOFFER,ASOFFER,OFFERLSHEDDATA,1,INSERT,
9,ASOFFER,OFFERRESTARTDATA,OFFERRESTARTDATA,<#VISIBILITY_ID>_ASOFFER_<#REPORT_DATETIME>_<#EVENT_QUEUE_ID>.CSV,ASOFFER,ASOFFER,OFFERRESTARTDATA,1,INSERT,
10,ASOFFER,OFFERRPOWERDATA,OFFERRPOWERDATA,<#VISIBILITY_ID>_ASOFFER_<#REPORT_DATETIME>_<#EVENT_QUEUE_ID>.CSV,ASOFFER,ASOFFER,OFFERRPOWERDATA,1,INSERT,
11,BIDS,BIDDAYOFFER,BIDOFFERFILETRK,<#VISIBILITY_ID>_BID_<#REPORT_DATETIME>_<#EVENT_QUEUE_ID>.CSV,BID,OFFER,BIDDAYOFFER,2,INSERT,
12,BIDS,BIDDAYOFFER,NEM_BIDS,<#VISIBILITY_ID>_NEM_BIDS_<#REPORT_DATETIME>_<#EVENT_QUEUE_ID>.CSV,BID,BIDS,BIDDAYOFFER,1,INSERT,
13,BIDS,BIDDAYOFFER,NEXT_DAY_OFFER_ENERGY,<#VISIBILITY_ID>_NEXT_DAY_OFFER_ENERGY_<#CASE_DATE>_<#EVENT_QUEUE_ID>.CSV,NEXT_DAY_OFFER_ENERGY,BIDS,BIDDAYOFFER,1,INSERT,
14,BIDS,BIDDAYOFFER,NEXT_DAY_OFFER_FCAS,<#VISIBILITY_ID>_NEXT_DAY_OFFER_FCAS_<#CASE_DATE>_<#EVENT_QUEUE_ID>.CSV,NEXT_DAY_OFFER_FCAS,BIDS,BIDDAYOFFER,1,INSERT,
15,BIDS,BIDDAYOFFER_D,BIDMOVE_COMPLETE,<#VISIBILITY_ID>_BIDMOVE_COMPLETE_<#CASE_DATE>_<#EVENT_QUEUE_ID>.CSV,BIDMOVE_COMPLETE,BID,BIDDAYOFFER_D,2,INSERT,
16,BIDS,BIDOFFERFILETRK,BIDOFFERFILETRK,<#VISIBILITY_ID>_BID_<#REPORT_DATETIME>_<#EVENT_QUEUE_ID>.CSV,BID,OFFER,BIDOFFERFILETRK,1,INSERT,
17,BIDS,BIDOFFERFILETRK,NEM_BIDS,<#VISIBILITY_ID>_NEM_BIDS_<#REPORT_DATETIME>_<#EVENT_QUEUE_ID>.CSV,BID,BIDS,BIDOFFERFILETRK,1,INSERT,
18,BIDS,BIDOFFERPERIOD,BIDOFFERFILETRK,<#VISIBILITY_ID>_BID_<#REPORT_DATETIME>_<#EVENT_QUEUE_ID>.CSV,BID,BIDS,BIDOFFERPERIOD,1,INSERT,
19,BIDS,BIDOFFERPERIOD,NEM_BIDS,<#VISIBILITY_ID>_NEM_BIDS_<#REPORT_DATETIME>_<#EVENT_QUEUE_ID>.CSV,BID,BIDS,BIDOFFERPERIOD,1,INSERT,
20,BIDS,BIDOFFERPERIOD,NEXT_DAY_OFFER_ENERGY,<#VISIBILITY_ID>_NEXT_DAY_OFFER_ENERGY_<#CASE_DATE>_<#EVENT_QUEUE_ID>.CSV,NEXT_DAY_OFFER_ENERGY,BIDS,BIDOFFERPERIOD,1,INSERT,
21,BIDS,BIDOFFERPERIOD,NEXT_DAY_OFFER_FCAS,<#VISIBILITY_ID>_NEXT_DAY_OFFER_FCAS_<#CASE_DATE>_<#EVENT_QUEUE_ID>.CSV,NEXT_DAY_OFFER_FCAS,BIDS,BIDOFFERPERIOD,1,INSERT,
22,BIDS,BIDPEROFFER,BIDOFFERFILETRK,<#VISIBILITY_ID>_BID_<#REPORT_DATETIME>_<#EVENT_QUEUE_ID>.CSV,BID,OFFER,BIDPEROFFER,1,INSERT,
23,BIDS,BIDPEROFFER,NEM_BIDS,<#VISIBILITY_ID>_NEM_BIDS_<#REPORT_DATETIME>_<#EVENT_QUEUE_ID>.CSV,BID,OFFER,BIDPEROFFER,1,INSERT,
24,BIDS,BIDPEROFFER_D,BIDMOVE_COMPLETE,<#VISIBILITY_ID>_BIDMOVE_COMPLETE_<#CASE_DATE>_<#EVENT_QUEUE_ID>.CSV,BIDMOVE_COMPLETE,BID,BIDPEROFFER_D,2,INSERT,
25,BIDS,MNSP_BIDOFFERPERIOD,BID_MNSP,<#VISIBILITY_ID>_BID_MNSP_<#REPORT_DATETIME>_<#EVENT_QUEUE_ID>.CSV,BID,BIDS,MNSP_BIDOFFERPERIOD,1,INSERT,
26,BIDS,MNSP_BIDOFFERPERIOD,NEM_BIDS,<#VISIBILITY_ID>_NEM_BIDS_<#REPORT_DATETIME>_<#EVENT_QUEUE_ID>.CSV,BID,BIDS,MNSP_BIDOFFERPERIOD,1,INSERT,
27,BIDS,MNSP_BIDOFFERPERIOD,NEXT_DAY_OFFER_ENERGY,<#VISIBILITY_ID>_NEXT_DAY_OFFER_ENERGY_<#CASE_DATE>_<#EVENT_QUEUE_ID>.CSV,NEXT_DAY_OFFER_ENERGY,BIDS,MNSP_BIDOFFERPERIOD,1,INSERT,
28,BIDS,MNSP_DAYOFFER,BID_MNSP,<#VISIBILITY_ID>_BID_MNSP_<#REPORT_DATETIME>_<#EVENT_QUEUE_ID>.CSV,BID,BID,MNSP_DAYOFFER,2,INSERT,
29,BIDS,MNSP_DAYOFFER,NEM_BIDS,<#VISIBILITY_ID>_NEM_BIDS_<#REPORT_DATETIME>_<#EVENT_QUEUE_ID>.CSV,BID,BIDS,MNSP_DAYOFFER,1,INSERT,
30,BIDS,MNSP_DAYOFFER,NEXT_DAY_OFFER_ENERGY,<#VISIBILITY_ID>_NEXT_DAY_OFFER_ENERGY_<#CASE_DATE>_<#EVENT_QUEUE_ID>.CSV,NEXT_DAY_OFFER_ENERGY,BIDS,MNSP_DAYOFFER,1,INSERT,
31,BIDS,MNSP_FILETRK,BID_MNSP_FILETRK,<#VISIBILITY_ID>_BID_MNSP_FILETRK_<#REPORT_DATETIME>_<#EVENT_QUEUE_ID>.CSV,BID,BID,MNSP_FILETRK,1,INSERT,
32,BIDS,MNSP_OFFERTRK,BID_MNSP_OFFERTRK,<#VISIBILITY_ID>_BID_MNSP_OFFERTRK_<#REPORT_DATETIME>_<#EVENT_QUEUE_ID>.CSV,BID,BID,MNSP_OFFERTRK,1,INSERT,
33,BIDS,MNSP_PEROFFER,BID_MNSP,<#VISIBILITY_ID>_BID_MNSP_<#REPORT_DATETIME>_<#EVENT_QUEUE_ID>.CSV,BID,BID,MNSP_PEROFFER,1,INSERT,
34,BIDS,MNSP_PEROFFER,NEM_BIDS,<#VISIBILITY_ID>_NEM_BIDS_<#REPORT_DATETIME>_<#EVENT_QUEUE_ID>.CSV,BID,BID,MNSP_PEROFFER,1,INSERT,
35,BIDS,MTPASA_OFFERDATA,MTPASA_OFFERFILETRK,<#VISIBILITY_ID>_BID_<#REPORT_DATETIME>_<#EVENT_QUEUE_ID>.CSV,BID,OFFER,MTPASA_OFFERDATA,1,INSERT,
36,BIDS,MTPASA_OFFERFILETRK,MTPASA_OFFERFILETRK,<#VISIBILITY_ID>_BID_<#REPORT_DATETIME>_<#EVENT_QUEUE_ID>.CSV,BID,OFFER,MTPASA_OFFERFILETRK,1,INSERT,
37,BILLING_CONFIG,BILLINGCALENDAR,BILLINGCALENDAR,<#VISIBILITY_ID>_BILLING_CONFIG_<#REPORT_DATETIME>_<#EVENT_QUEUE_ID>.CSV,BILLING_CONFIG,BILLING_CONFIG,BILLINGCALENDAR,2,INSERT-UPDATE,LASTCHANGED
38,BILLING_CONFIG,GST_BAS_CLASS,GST_BAS_CLASS,<#VISIBILITY_ID>_BILLING_CONFIG_<#REPORT_DATETIME>_<#EVENT_QUEUE_ID>.CSV,BILLING_CONFIG,BILLING_CONFIG,GST_BAS_CLASS,1,INSERT,
39,BILLING_CONFIG,GST_RATE,GST_RATE,<#VISIBILITY_ID>_BILLING_CONFIG_<#REPORT_DATETIME>_<#EVENT_QUEUE_ID>.CSV,BILLING_CONFIG,BILLING_CONFIG,GST_RATE,1,INSERT,
40,BILLING_CONFIG,GST_TRANSACTION_CLASS,GST_TRANSACTION_CLASSTRK,<#VISIBILITY_ID>_BILLING_CONFIG_<#REPORT_DATETIME>_<#EVENT_QUEUE_ID>.CSV,BILLING_CONFIG,BILLING_CONFIG,GST_TRANSACTION_CLASS,1,INSERT-UPDATE,LASTCHANGED
41,BILLING_CONFIG,GST_TRANSACTION_TYPE,GST_TRANSACTION_TYPE,<#VISIBILITY_ID>_BILLING_CONFIG_<#REPORT_DATETIME>_<#EVENT_QUEUE_ID>.CSV,BILLING_CONFIG,BILLING_CONFIG,GST_TRANSACTION_TYPE,1,INSERT-UPDATE,LASTCHANGED
42,BILLING_CONFIG,SECDEPOSIT_INTEREST_RATE,SECDEPOSIT_INTEREST_RATE,<#VISIBILITY_ID>_SECDEPOSIT_INTEREST_RATE_<#REPORT_DATETIME>_<#EVENT_QUEUE_ID>.CSV,BILLING_CONFIG,BILLING_CONFIG,SECDEPOSIT_INTEREST_RATE,1,INSERT,
43,BILLING_CONFIG,SECDEPOSIT_PROVISION,SECDEPOSIT_PROVISION,<#VISIBILITY_ID>_SECDEPOSIT_PROVISION_<#REPORT_DATETIME>_<#EVENT_QUEUE_ID>.CSV,BILLING_CONFIG,BILLING_CONFIG,SECDEPOSIT_PROVISION,1,INSERT,
44,BILLING_RUN,BILLINGASPAYMENTS,BILLING,<#VISIBILITY_ID>_BILLING_<#REPORT_DATETIME>_<#EVENT_QUEUE_ID>.CSV,BILLING,BILLING,ASPAYMENTS,6,INSERT,
45,BILLING_RUN,BILLINGASRECOVERY,BILLING,<#VISIBILITY_ID>_BILLING_<#REPORT_DATETIME>_<#EVENT_QUEUE_ID>.CSV,BILLING,BILLING,ASRECOVERY,7,INSERT,
46,BILLING_RUN,BILLINGCPDATA,BILLING,<#VISIBILITY_ID>_BILLING_<#REPORT_DATETIME>_<#EVENT_QUEUE_ID>.CSV,BILLING,BILLING,CPDATA,6,INSERT,
47,BILLING_RUN,BILLINGDAYTRK,BILLING,<#VISIBILITY_ID>_BILLING_<#REPORT_DATETIME>_<#EVENT_QUEUE_ID>.CSV,BILLING,BILLING,DAYTRK,5,INSERT,
48,BILLING_RUN,BILLINGFEES,BILLING,<#VISIBILITY_ID>_BILLING_<#REPORT_DATETIME>_<#EVENT_QUEUE_ID>.CSV,BILLING,BILLING,FEES,5,INSERT,
49,BILLING_RUN,BILLINGFINANCIALADJUSTMENTS,BILLING,<#VISIBILITY_ID>_BILLING_<#REPORT_DATETIME>_<#EVENT_QUEUE_ID>.CSV,BILLING,BILLING,FINANCIALADJUSTMENTS,5,INSERT,
50,BILLING_RUN,BILLINGGENDATA,BILLING,<#VISIBILITY_ID>_BILLING_<#REPORT_DATETIME>_<#EVENT_QUEUE_ID>.CSV,BILLING,BILLING,GENDATA,5,INSERT,
51,BILLING_RUN,BILLINGINTERRESIDUES,BILLING,<#VISIBILITY_ID>_BILLING_<#REPORT_DATETIME>_<#EVENT_QUEUE_ID>.CSV,BILLING,BILLING,INTERRESIDUES,5,INSERT,
52,BILLING_RUN,BILLINGINTRARESIDUES,BILLING,<#VISIBILITY_ID>_BILLING_<#REPORT_DATETIME>_<#EVENT_QUEUE_ID>.CSV,BILLING,BILLING,INTRARESIDUES,5,INSERT,
53,BILLING_RUN,BILLINGIRAUCSURPLUS,BILLING,<#VISIBILITY_ID>_BILLING_<#REPORT_DATETIME>_<#EVENT_QUEUE_ID>.CSV,BILLING,BILLING,IRAUCSURPLUS,5,INSERT,
54,BILLING_RUN,BILLINGIRAUCSURPLUSSUM,BILLING,<#VISIBILITY_ID>_BILLING_<#REPORT_DATETIME>_<#EVENT_QUEUE_ID>.CSV,BILLING,BILLING,IRAUCSURPLUSSUM,7,INSERT,
55,BILLING_RUN,BILLINGIRNSPSURPLUS,BILLING,<#VISIBILITY_ID>_BILLING_<#REPORT_DATETIME>_<#EVENT_QUEUE_ID>.CSV,BILLING,BILLING,IRNSPSURPLUS,5,INSERT,
56,BILLING_RUN,BILLINGIRNSPSURPLUSSUM,BILLING,<#VISIBILITY_ID>_BILLING_<#REPORT_DATETIME>_<#EVENT_QUEUE_ID>.CSV,BILLING,BILLING,IRNSPSURPLUSSUM,6,INSERT,
57,BILLING_RUN,BILLINGIRPARTSURPLUS,BILLING,<#VISIBILITY_ID>_BILLING_<#REPORT_DATETIME>_<#EVENT_QUEUE_ID>.CSV,BILLING,BILLING,IRPARTSURPLUS,5,INSERT,
58,BILLING_RUN,BILLINGIRPARTSURPLUSSUM,BILLING,<#VISIBILITY_ID>_BILLING_<#REPORT_DATETIME>_<#EVENT_QUEUE_ID>.CSV,BILLING,BILLING,IRPARTSURPLUSSUM,7,INSERT,
59,BILLING_RUN,BILLINGPRIORADJUSTMENTS,BILLING,<#VISIBILITY_ID>_BILLING_<#REPORT_DATETIME>_<#EVENT_QUEUE_ID>.CSV,BILLING,BILLING,PRIORADJUSTMENTS,5,INSERT,
60,BILLING_RUN,BILLINGREALLOC,BILLING,<#VISIBILITY_ID>_BILLING_<#REPORT_DATETIME>_<#EVENT_QUEUE_ID>.CSV,BILLING,BILLING,REALLOC,5,INSERT,
61,BILLING_RUN,BILLINGREALLOC_DETAIL,BILLING,<#VISIBILITY_ID>_BILLING_<#REPORT_DATETIME>_<#EVENT_QUEUE_ID>.CSV,BILLING,BILLING,REALLOC_DETAIL,5,INSERT,
62,BILLING_RUN,BILLINGREGIONEXPORTS,BILLING,<#VISIBILITY_ID>_BILLING_<#REPORT_DATETIME>_<#EVENT_QUEUE_ID>.CSV,BILLING,BILLING,REGIONEXPORTS,5,INSERT,
63,BILLING_RUN,BILLINGREGIONFIGURES,BILLING,<#VISIBILITY_ID>_BILLING_<#REPORT_DATETIME>_<#EVENT_QUEUE_ID>.CSV,BILLING,BILLING,REGIONFIGURES,6,INSERT,
64,BILLING_RUN,BILLINGREGIONIMPORTS,BILLING,<#VISIBILITY_ID>_BILLING_<#REPORT_DATETIME>_<#EVENT_QUEUE_ID>.CSV,BILLING,BILLING,REGIONIMPORTS,5,INSERT,
65,BILLING_RUN,BILLINGRUNTRK,BILLING,<#VISIBILITY_ID>_BILLING_<#REPORT_DATETIME>_<#EVENT_QUEUE_ID>.CSV,BILLING,BILLING,RUNTRK,5,INSERT,
66,BILLING_RUN,BILLING_APC_COMPENSATION,BILLING,<#VISIBILITY_ID>_BILLING_<#REPORT_DATETIME>_<#EVENT_QUEUE_ID>.CSV,BILLING,BILLING,APC_COMPENSATION,2,INSERT,
67,BILLING_RUN,BILLING_APC_RECOVERY,BILLING,<#VISIBILITY_ID>_BILLING_<#REPORT_DATETIME>_<#EVENT_QUEUE_ID>.CSV,BILLING,BILLING,APC_RECOVERY,2,INSERT,
68,BILLING_RUN,BILLING_CO2E_PUBLICATION,CDEII,<#VISIBILITY_ID>_CDEII_<#CONTRACTYEAR>_<#WEEKNO>_<#REPORT_DATETIME>.CSV,CDEII,BILLING,BILLING_CO2E_PUBLICATION,1,INSERT,
69,BILLING_RUN,BILLING_CO2E_PUBLICATION_TRK,CDEII,<#VISIBILITY_ID>_CDEII_<#CONTRACTYEAR>_<#WEEKNO>_<#REPORT_DATETIME>.CSV,CDEII,BILLING,BILLING_CO2E_PUBLICATION_TRK,1,INSERT-UPDATE,LASTCHANGED
70,BILLING_RUN,BILLING_DAILY_ENERGY_SUMMARY,BILLING,<#VISIBILITY_ID>_BILLING_<#REPORT_DATETIME>_<#EVENT_QUEUE_ID>.CSV,BILLING,BILLING,DAILY_ENERGY_SUMMARY,1,INSERT,
71,BILLING_RUN,BILLING_DIRECTION_RECON_OTHER,BILLING,<#VISIBILITY_ID>_BILLING_<#REPORT_DATETIME>_<#EVENT_QUEUE_ID>.CSV,BILLING,BILLING,BILLING_DIRECTION_RECON_OTHER,1,INSERT,
72,BILLING_RUN,BILLING_EFTSHORTFALL_AMOUNT,BILLING_SHORTFALL,<#VISIBILITY_ID>_BILLING_SHORTFALL_<#REPORT_DATETIME>_<#EVENT_QUEUE_ID>.CSV,BILLING,BILLING,EFTSHORTFALL_AMOUNT,1,INSERT,
73,BILLING_RUN,BILLING_EFTSHORTFALL_DETAIL,BILLING_SHORTFALL,<#VISIBILITY_ID>_BILLING_SHORTFALL_<#REPORT_DATETIME>_<#EVENT_QUEUE_ID>.CSV,BILLING,BILLING,EFTSHORTFALL_DETAIL,1,INSERT,
74,BILLING_RUN,BILLING_GST_DETAIL,BILLING,<#VISIBILITY_ID>_BILLING_<#REPORT_DATETIME>_<#EVENT_QUEUE_ID>.CSV,BILLING,BILLING,GST_DETAIL,5,INSERT,
75,BILLING_RUN,BILLING_GST_SUMMARY,BILLING,<#VISIBILITY_ID>_BILLING_<#REPORT_DATETIME>_<#EVENT_QUEUE_ID>.CSV,BILLING,BILLING,GST_SUMMARY,5,INSERT,
76,BILLING_RUN,BILLING_NMAS_TST_PAYMENTS,BILLING,<#VISIBILITY_ID>_BILLING_<#REPORT_DATETIME>_<#EVENT_QUEUE_ID>.CSV,BILLING,BILLING,NMAS_TST_PAYMENTS,1,INSERT,
77,BILLING_RUN,BILLING_NMAS_TST_RECOVERY,BILLING,<#VISIBILITY_ID>_BILLING_<#REPORT_DATETIME>_<#EVENT_QUEUE_ID>.CSV,BILLING,BILLING,NMAS_TST_RECOVERY,1,INSERT,
78,BILLING_RUN,BILLING_NMAS_TST_RECVRY_RBF,BILLING,<#VISIBILITY_ID>_BILLING_<#REPORT_DATETIME>_<#EVENT_QUEUE_ID>.CSV,BILLING,BILLING,NMAS_TST_RECVRY_RBF,1,INSERT,
79,BILLING_RUN,BILLING_NMAS_TST_RECVRY_TRK,BILLING,<#VISIBILITY_ID>_BILLING_<#REPORT_DATETIME>_<#EVENT_QUEUE_ID>.CSV,BILLING,BILLING,NMAS_TST_RECVRY_TRK,1,INSERT,
80,BILLING_RUN,BILLING_SECDEPOSIT_APPLICATION,BILLING,<#VISIBILITY_ID>_BILLING_<#REPORT_DATETIME>_<#EVENT_QUEUE_ID>.CSV,BILLING,BILLING,SECDEPOSIT_APPLICATION,1,INSERT,
81,BILLING_RUN,BILLING_SECDEP_INTEREST_PAY,BILLING,<#VISIBILITY_ID>_BILLING_<#REPORT_DATETIME>_<#EVENT_QUEUE_ID>.CSV,BILLING,BILLING,SECDEP_INTEREST_PAY,1,INSERT,
82,BILLING_RUN,BILLING_SECDEP_INTEREST_RATE,BILLING,<#VISIBILITY_ID>_BILLING_<#REPORT_DATETIME>_<#EVENT_QUEUE_ID>.CSV,BILLING,BILLING,SECDEP_INTEREST_RATE,1,INSERT,
83,BILLING_RUN,BILLING_SUBST_DEMAND,BILLING,<#VISIBILITY_ID>_BILLING_<#REPORT_DATETIME>_<#EVENT_QUEUE_ID>.CSV,BILLING,BILLING,SUBST_DEMAND,1,INSERT,
84,BILLING_RUN,BILLING_SUBST_RUN_VERSION,BILLING,<#VISIBILITY_ID>_BILLING_<#REPORT_DATETIME>_<#EVENT_QUEUE_ID>.CSV,BILLING,BILLING,SUBST_RUN_VERSION,1,INSERT,
85,BILLING_RUN,BILLING_WDR,BILLING,<#VISIBILITY_ID>_BILLING_<#REPORT_DATETIME>_<#EVENT_QUEUE_ID>.CSV,BILLING,BILLING,WDR,1,INSERT,
86,BILLING_RUN,BILLING_WDR_DETAIL,BILLING,<#VISIBILITY_ID>_BILLING_<#REPORT_DATETIME>_<#EVENT_QUEUE_ID>.CSV,BILLING,BILLING,WDR_DETAIL,1,INSERT,
87,BILLING_RUN,BILLRESERVETRADERPAYMENT,BILLING,<#VISIBILITY_ID>_BILLING_<#REPORT_DATETIME>_<#EVENT_QUEUE_ID>.CSV,BILLING,BILLING,RESERVETRADERPAYMENT,1,INSERT,
88,BILLING_RUN,BILLRESERVETRADERRECOVERY,BILLING,<#VISIBILITY_ID>_BILLING_<#REPORT_DATETIME>_<#EVENT_QUEUE_ID>.CSV,BILLING,BILLING,RESERVETRADERRECOVERY,1,INSERT,
89,DEMAND_FORECASTS,DEMANDOPERATIONALACTUAL,ACTUAL_OPERATIONAL_DEMAND_HH,<#VISIBILITY_ID>_ACTUAL_OPERATIONAL_DEMAND_HH_<#CASE_DATETIME>_<#REPORT_DATETIME>.CSV,DEMAND,OPERATIONAL_DEMAND,ACTUAL,3,INSERT-UPDATE,LASTCHANGED
90,DEMAND_FORECASTS,DEMANDOPERATIONALACTUAL,ACTUAL_OPERATIONAL_DEMAND_UPDATE,<#VISIBILITY_ID>_ACTUAL_OPERATIONAL_DEMAND_UPDATE_<#CASE_DATE>_<#REPORT_DATETIME>.CSV,DEMAND,OPERATIONAL_DEMAND,ACTUAL,3,INSERT-UPDATE,LASTCHANGED
91,DEMAND_FORECASTS,DEMANDOPERATIONALFORECAST,FORECAST_OPERATIONAL_DEMAND_HH,<#VISIBILITY_ID>_FORECAST_OPERATIONAL_DEMAND_HH_<#CASE_DATETIME>_<#REPORT_DATETIME>.CSV,DEMAND,OPERATIONAL_DEMAND,FORECAST,1,UPDATE-INSERT,LASTCHANGED
92,DEMAND_FORECASTS,INTERMITTENT_CLUSTER_AVAIL,AVAIL_SUBMISS_CLUSTER,<#VISIBILITY_ID>_INTERMITTENT_GEN_FCST_<#REPORT_DATETIME>_<#EVENT_QUEUE_ID>.CSV,DEMAND,DEMAND,INTERMITTENT_CLUSTER_AVAIL,2,INSERT,
93,DEMAND_FORECASTS,INTERMITTENT_CLUSTER_AVAIL,NEXT_DAY_AVAIL_SUBMISS_CLUSTER,<#VISIBILITY_ID>_NEXT_DAY_AVAIL_SUBMISS_CLUSTER_<#REPORT_DATETIME>_<#EVENT_QUEUE_ID>.CSV,NEXT_DAY_INTERMITTENT,DEMAND,INTERMITTENT_CLUSTER_AVAIL,2,INSERT,
94,DEMAND_FORECASTS,INTERMITTENT_CLUSTER_AVAIL_DAY,AVAIL_SUBMISS_CLUSTER,<#VISIBILITY_ID>_INTERMITTENT_GEN_FCST_<#REPORT_DATETIME>_<#EVENT_QUEUE_ID>.CSV,DEMAND,DEMAND,INTERMITTENT_CLUSTER_AVAIL_DAY,1,INSERT,
95,DEMAND_FORECASTS,INTERMITTENT_CLUSTER_AVAIL_DAY,NEXT_DAY_AVAIL_SUBMISS_CLUSTER,<#VISIBILITY_ID>_NEXT_DAY_AVAIL_SUBMISS_CLUSTER_<#REPORT_DATETIME>_<#EVENT_QUEUE_ID>.CSV,NEXT_DAY_INTERMITTENT,DEMAND,INTERMITTENT_CLUSTER_AVAIL_DAY,1,INSERT,
96,DEMAND_FORECASTS,INTERMITTENT_DS_PRED,NEXT_DAY_INTERMITTENT_DS,<#VISIBILITY_ID>_NEXT_DAY_INTERMITTENT_DS_<#CASE_DATE>_<#EVENT_QUEUE_ID>.CSV,NEXT_DAY_INTERMITTENT_DS,DEMAND,INTERMITTENT_DS_PRED,1,INSERT,
97,DEMAND_FORECASTS,INTERMITTENT_DS_RUN,NEXT_DAY_INTERMITTENT_DS,<#VISIBILITY_ID>_NEXT_DAY_INTERMITTENT_DS_<#CASE_DATE>_<#EVENT_QUEUE_ID>.CSV,NEXT_DAY_INTERMITTENT_DS,DEMAND,INTERMITTENT_DS_RUN,1,INSERT-UPDATE,NONE
98,DEMAND_FORECASTS,INTERMITTENT_FORECAST_TRK,NEXT_DAY_INTERMITTENT_DS,<#VISIBILITY_ID>_NEXT_DAY_INTERMITTENT_DS_<#CASE_DATE>_<#EVENT_QUEUE_ID>.CSV,NEXT_DAY_INTERMITTENT_DS,DISPATCH,INTERMITTENT_FORECAST_TRK,1,INSERT,
99,DEMAND_FORECASTS,INTERMITTENT_GEN_FCST,INTERMITTENT_GEN_FCST,<#VISIBILITY_ID>_INTERMITTENT_GEN_FCST_<#CASE_DATETIME>_<#EVENT_QUEUE_ID>.CSV,DEMAND,FORECAST,INTERMITTENT_GEN,1,INSERT,
100,DEMAND_FORECASTS,INTERMITTENT_GEN_FCST_DATA,INTERMITTENT_GEN_FCST,<#VISIBILITY_ID>_INTERMITTENT_GEN_FCST_<#CASE_DATETIME>_<#EVENT_QUEUE_ID>.CSV,DEMAND,FORECAST,INTERMITTENT_GEN_DATA,1,INSERT,
101,DEMAND_FORECASTS,INTERMITTENT_GEN_LIMIT,AVAIL_SUBMISS_DAY,<#VISIBILITY_ID>_INTERMITTENT_GEN_FCST_<#REPORT_DATETIME>_<#EVENT_QUEUE_ID>.CSV,DEMAND,DEMAND,INTERMITTENT_GEN_LIMIT,1,INSERT,
102,DEMAND_FORECASTS,INTERMITTENT_GEN_LIMIT,NEXT_DAY_AVAIL_SUBMISS_DAY,<#VISIBILITY_ID>_NEXT_DAY_AVAIL_SUBMISS_DAY_<#REPORT_DATETIME>_<#EVENT_QUEUE_ID>.CSV,NEXT_DAY_INTERMITTENT,DEMAND,INTERMITTENT_GEN_LIMIT,1,INSERT,
103,DEMAND_FORECASTS,INTERMITTENT_GEN_LIMIT_DAY,AVAIL_SUBMISS_DAY,<#VISIBILITY_ID>_INTERMITTENT_GEN_FCST_<#REPORT_DATETIME>_<#EVENT_QUEUE_ID>.CSV,DEMAND,DEMAND,INTERMITTENT_GEN_LIMIT_DAY,1,INSERT,
104,DEMAND_FORECASTS,INTERMITTENT_GEN_LIMIT_DAY,NEXT_DAY_AVAIL_SUBMISS_DAY,<#VISIBILITY_ID>_NEXT_DAY_AVAIL_SUBMISS_DAY_<#REPORT_DATETIME>_<#EVENT_QUEUE_ID>.CSV,NEXT_DAY_INTERMITTENT,DEMAND,INTERMITTENT_GEN_LIMIT_DAY,1,INSERT,
105,DEMAND_FORECASTS,MTPASA_INTERMITTENT_AVAIL,AVAIL_MTPASA_DUID,<#VISIBILITY_ID>_MTPASA_INTERMITTENT_FCST_<#REPORT_DATETIME>_<#EVENT_QUEUE_ID>.CSV,DEMAND,DEMAND,MTPASA_INTERMITTENT_AVAIL,2,INSERT,
106,DEMAND_FORECASTS,MTPASA_INTERMITTENT_LIMIT,AVAIL_MTPASA_DUID,<#VISIBILITY_ID>_MTPASA_INTERMITTENT_FCST_<#REPORT_DATETIME>_<#EVENT_QUEUE_ID>.CSV,DEMAND,DEMAND,MTPASA_INTERMITTENT_LIMIT,1,INSERT,
107,DEMAND_FORECASTS,PERDEMAND,DEMAND_PREDISPATCH,<#VISIBILITY_ID>_DEMAND_<#REPORT_DATETIME>_<#EVENT_QUEUE_ID>.CSV,DEMAND,DEMAND,PERIOD,1,INSERT,
108,DEMAND_FORECASTS,PERDEMAND,DEMAND_STPASA,<#VISIBILITY_ID>_DEMAND_<#REPORT_DATETIME>_<#EVENT_QUEUE_ID>.CSV,DEMAND,DEMAND,PERIOD,1,INSERT,
109,DEMAND_FORECASTS,RESDEMANDTRK,DEMAND_PREDISPATCH,<#VISIBILITY_ID>_DEMAND_<#REPORT_DATETIME>_<#EVENT_QUEUE_ID>.CSV,DEMAND,DEMAND,TRK,1,INSERT,
110,DEMAND_FORECASTS,RESDEMANDTRK,DEMAND_STPASA,<#VISIBILITY_ID>_DEMAND_<#REPORT_DATETIME>_<#EVENT_QUEUE_ID>.CSV,DEMAND,DEMAND,TRK,1,INSERT,
111,DEMAND_FORECASTS,ROOFTOP_PV_ACTUAL,ROOFTOP_PV_ACTUAL,<#VISIBILITY_ID>_ROOFTOP_PV_ACTUAL_<#ENDDATE:yyyyMMddHHmmss>_<#EVENT_QUEUE_ID>.csv,DEMAND,ROOFTOP,ACTUAL,2,INSERT,
112,DEMAND_FORECASTS,ROOFTOP_PV_ACTUAL,ROOFTOP_PV_ACTUAL_MEASUREMENT,<#VISIBILITY_ID>_ROOFTOP_PV_ACTUAL_MEASUREMENT_<#ENDDATE:yyyyMMddHHmmss>_<#EVENT_QUEUE_ID>.csv,DEMAND,ROOFTOP,ACTUAL,2,INSERT,
113,DEMAND_FORECASTS,ROOFTOP_PV_ACTUAL,ROOFTOP_PV_ACTUAL_SATELLITE,<#VISIBILITY_ID>_ROOFTOP_PV_ACTUAL_SATELLITE_<#ENDDATE:yyyyMMddHHmmss>_<#EVENT_QUEUE_ID>.csv,DEMAND,ROOFTOP,ACTUAL,2,INSERT,
114,DEMAND_FORECASTS,ROOFTOP_PV_FORECAST,ROOFTOP_PV_FORECAST,<#VISIBILITY_ID>_ROOFTOP_PV_FORECAST_<#ENDDATE:yyyyMMddHHmmss>_<#EVENT_QUEUE_ID>.csv,DEMAND,ROOFTOP,FORECAST,1,INSERT,
115,DISPATCH,CONSTRAINTRELAXATION_OCD,DISPATCHOCD,<#VISIBILITY_ID>_DISPATCHOCD_<#CASE_DATETIME>_<#REPORT_DATETIME>.CSV,DISPATCHOCD,DISPATCHOCD,CONSTRAINTRELAXATION,2,INSERT-UPDATE,LASTCHANGED
116,DISPATCH,CONSTRAINTRELAXATION_OCD,PRICE_REVISION_DISPATCHIS,<#VISIBILITY_ID>_PRICE_REVISION_DISPATCHIS_<#REPORT_DATETIME>_<#EVENT_QUEUE_ID>.CSV,DISPATCHIS,PRICELOAD,CONSTRAINTRELAXATION,1,INSERT-UPDATE,LASTCHANGED
117,DISPATCH,DISPATCHBLOCKEDCONSTRAINT,DISPATCHIS,<#VISIBILITY_ID>_DISPATCHIS_<#CASE_DATETIME>_<#EVENT_QUEUE_ID>.CSV,DISPATCHIS,DISPATCH,BLOCKED_CONSTRAINTS,1,INSERT,
118,DISPATCH,DISPATCHCASESOLUTION,DISPATCHIS,<#VISIBILITY_ID>_DISPATCHIS_<#CASE_DATETIME>_<#EVENT_QUEUE_ID>.CSV,DISPATCHIS,DISPATCH,CASE_SOLUTION,2,INSERT,
119,DISPATCH,DISPATCHCONSTRAINT,DISPATCHIS,<#VISIBILITY_ID>_DISPATCHIS_<#CASE_DATETIME>_<#EVENT_QUEUE_ID>.CSV,DISPATCHIS,DISPATCH,CONSTRAINT,5,INSERT,
120,DISPATCH,DISPATCHCONSTRAINT,NEXT_DAY_DISPATCH,<#VISIBILITY_ID>_NEXT_DAY_DISPATCH_<#CASE_DATE>_<#EVENT_QUEUE_ID>.CSV,NEXT_DAY_DISPATCH,DISPATCH,CONSTRAINT,5,INSERT,
121,DISPATCH,DISPATCHINTERCONNECTORRES,DISPATCHIS,<#VISIBILITY_ID>_DISPATCHIS_<#CASE_DATETIME>_<#EVENT_QUEUE_ID>.CSV,DISPATCHIS,DISPATCH,INTERCONNECTORRES,3,INSERT,
122,DISPATCH,DISPATCHLOAD,DISPATCHIS,<#VISIBILITY_ID>_DISPATCHIS_<#CASE_DATETIME>_<#EVENT_QUEUE_ID>.CSV,DISPATCHIS,DISPATCH,UNIT_SOLUTION,3,INSERT,
123,DISPATCH,DISPATCHLOAD,NEXT_DAY_DISPATCH,<#VISIBILITY_ID>_NEXT_DAY_DISPATCH_<#CASE_DATE>_<#EVENT_QUEUE_ID>.CSV,NEXT_DAY_DISPATCH,DISPATCH,UNIT_SOLUTION,3,INSERT,
124,DISPATCH,DISPATCHOFFERTRK,DISPATCHIS,<#VISIBILITY_ID>_DISPATCHIS_<#CASE_DATETIME>_<#EVENT_QUEUE_ID>.CSV,DISPATCHIS,DISPATCH,OFFERTRK,1,INSERT,
125,DISPATCH,DISPATCHOFFERTRK,NEXT_DAY_DISPATCH,<#VISIBILITY_ID>_NEXT_DAY_DISPATCH_<#CASE_DATE>_<#EVENT_QUEUE_ID>.CSV,NEXT_DAY_DISPATCH,DISPATCH,OFFERTRK,1,INSERT,
126,DISPATCH,DISPATCHPRICE,DISPATCHIS,<#VISIBILITY_ID>_DISPATCHIS_<#CASE_DATETIME>_<#EVENT_QUEUE_ID>.CSV,DISPATCHIS,DISPATCH,PRICE,4,INSERT-UPDATE,LASTCHANGED
127,DISPATCH,DISPATCHPRICE,PRICE_REVISION_DISPATCHIS,<#VISIBILITY_ID>_PRICE_REVISION_DISPATCHIS_<#REPORT_DATETIME>_<#EVENT_QUEUE_ID>.CSV,DISPATCHIS,DISPATCH,PRICE,4,INSERT-UPDATE,LASTCHANGED
128,DISPATCH,DISPATCHREGIONSUM,DISPATCHIS,<#VISIBILITY_ID>_DISPATCHIS_<#CASE_DATETIME>_<#EVENT_QUEUE_ID>.CSV,DISPATCHIS,DISPATCH,REGIONSUM,6,INSERT,
129,DISPATCH,DISPATCH_CONSTRAINT_FCAS_OCD,PRICE_REVISION_DISPATCHIS,<#VISIBILITY_ID>_PRICE_REVISION_DISPATCHIS_<#REPORT_DATETIME>_<#EVENT_QUEUE_ID>.CSV,DISPATCHIS,PRICELOAD,CONSTRAINT_FCAS_OCD,1,INSERT-UPDATE,LASTCHANGED
130,DISPATCH,DISPATCH_FCAS_REQ,DISPATCHIS_FCAS,<#VISIBILITY_ID>_DISPATCHIS_FCAS_<#CASE_DATETIME>_<#EVENT_QUEUE_ID>.CSV,DISPATCHIS_FCAS,DISPATCH,FCAS_REQ,2,INSERT-UPDATE,LASTCHANGED
131,DISPATCH,DISPATCH_INTERCONNECTION,DISPATCHIS,<#VISIBILITY_ID>_DISPATCHIS_<#CASE_DATETIME>_<#EVENT_QUEUE_ID>.CSV,DISPATCHIS,DISPATCH,INTERCONNECTION,1,INSERT-UPDATE,LASTCHANGED
132,DISPATCH,DISPATCH_INTERCONNECTION,PRICE_REVISION_DISPATCHIS,<#VISIBILITY_ID>_PRICE_REVISION_DISPATCHIS_<#REPORT_DATETIME>_<#EVENT_QUEUE_ID>.CSV,DISPATCHIS,DISPATCH,INTERCONNECTION,1,INSERT-UPDATE,LASTCHANGED
133,DISPATCH,DISPATCH_LOCAL_PRICE,DISPATCHIS,<#VISIBILITY_ID>_DISPATCHIS_<#CASE_DATETIME>_<#EVENT_QUEUE_ID>.CSV,DISPATCHIS,DISPATCH,LOCAL_PRICE,1,INSERT,
134,DISPATCH,DISPATCH_LOCAL_PRICE,NEXT_DAY_DISPATCH,<#VISIBILITY_ID>_NEXT_DAY_DISPATCH_<#CASE_DATE>_<#EVENT_QUEUE_ID>.CSV,NEXT_DAY_DISPATCH,DISPATCH,LOCAL_PRICE,1,INSERT,
135,DISPATCH,DISPATCH_MNSPBIDTRK,DISPATCHIS,<#VISIBILITY_ID>_DISPATCHIS_<#CASE_DATETIME>_<#EVENT_QUEUE_ID>.CSV,DISPATCHIS,DISPATCH,MNSPBIDTRK,1,INSERT,
136,DISPATCH,DISPATCH_MNSPBIDTRK,NEXT_DAY_DISPATCH,<#VISIBILITY_ID>_NEXT_DAY_DISPATCH_<#CASE_DATE>_<#EVENT_QUEUE_ID>.CSV,NEXT_DAY_DISPATCH,DISPATCH,MNSPBIDTRK,1,INSERT,
137,DISPATCH,DISPATCH_MR_SCHEDULE_TRK,DISPATCHIS,<#VISIBILITY_ID>_DISPATCHIS_<#CASE_DATETIME>_<#EVENT_QUEUE_ID>.CSV,DISPATCHIS,DISPATCH,MR_SCHEDULE_TRK,1,INSERT,
138,DISPATCH,DISPATCH_PRICE_REVISION,PRICE_REVISION_DISPATCHIS,<#VISIBILITY_ID>_PRICE_REVISION_DISPATCHIS_<#REPORT_DATETIME>_<#EVENT_QUEUE_ID>.CSV,DISPATCHIS,PRICELOAD,PRICE_REVISION,1,INSERT,
139,DISPATCH,DISPATCH_UNIT_CONFORMANCE,DISPATCH_CONFORMANCE,<#VISIBILITY_ID>_DISPATCH_CONFORMANCE_<#CASE_DATETIME>_<#EVENT_QUEUE_ID>.CSV,DISPATCH_CONFORMANCE,DISPATCH,UNIT_CONFORMANCE,1,INSERT,
140,DISPATCH,DISPATCH_UNIT_SCADA,DISPATCHSCADA,<#VISIBILITY_ID>_DISPATCHSCADA_<#CASE_DATETIME>_<#EVENT_QUEUE_ID>.CSV,DISPATCHSCADA,DISPATCH,UNIT_SCADA,1,INSERT-UPDATE,
141,DISPATCH,INTERMITTENT_DS_PRED,DISPATCHIS,<#VISIBILITY_ID>_DISPATCHIS_<#CASE_DATETIME>_<#EVENT_QUEUE_ID>.CSV,DISPATCHIS,DEMAND,INTERMITTENT_DS_PRED,1,INSERT,
142,DISPATCH,INTERMITTENT_DS_RUN,DISPATCHIS,<#VISIBILITY_ID>_DISPATCHIS_<#CASE_DATETIME>_<#EVENT_QUEUE_ID>.CSV,DISPATCHIS,DEMAND,INTERMITTENT_DS_RUN,1,INSERT-UPDATE,NONE
143,DISPATCH,INTERMITTENT_FORECAST_TRK,DISPATCHIS,<#VISIBILITY_ID>_DISPATCHIS_<#CASE_DATETIME>_<#EVENT_QUEUE_ID>.CSV,DISPATCHIS,DISPATCH,INTERMITTENT_FORECAST_TRK,1,INSERT,
144,DISPATCH,NEGATIVE_RESIDUE,DISPATCH_NEGATIVE_RESIDUE,<#VISIBILITY_ID>_DISPATCH_NEGATIVE_RESIDUE_<#CASE_DATETIME>_<#EVENT_QUEUE_ID>.CSV,DISPATCHIS,DISPATCH,NEGATIVE_RESIDUE,1,INSERT,
145,FORCE_MAJEURE,APEVENT,AP_EVENT,<#VISIBILITY_ID>_AP_EVENT_<#REPORT_DATETIME>_<#EVENT_QUEUE_ID>.CSV,AP_EVENT,AP,APEVENT,1,INSERT,
146,FORCE_MAJEURE,APEVENTREGION,AP_EVENT,<#VISIBILITY_ID>_AP_EVENT_<#REPORT_DATETIME>_<#EVENT_QUEUE_ID>.CSV,AP_EVENT,AP,APEVENTREGION,1,INSERT,
147,FORCE_MAJEURE,IRFMAMOUNT,IRFMAMOUNTTRK,<#VISIBILITY_ID>_FORCE_MAJEURE_<#REPORT_DATETIME>_<#EVENT_QUEUE_ID>.CSV,FORCE_MAJEURE,FORCE_MAJEURE,IRFMAMOUNT,1,INSERT-UPDATE,LASTCHANGED
148,FORCE_MAJEURE,IRFMEVENTS,IRFMEVENTS,<#VISIBILITY_ID>_FORCE_MAJEURE_<#REPORT_DATETIME>_<#EVENT_QUEUE_ID>.CSV,FORCE_MAJEURE,FORCE_MAJEURE,IRFMEVENTS,1,INSERT,
149,FORCE_MAJEURE,MARKET_SUSPEND_REGIME_SUM,SUSPENSION_REGIME,<#VISIBILITY_ID>_MARKET_SUSPENSION_REGIME_<#REPORT_DATETIME>_<#EVENT_QUEUE_ID>.CSV,FORCE_MAJEURE,FORCE_MAJEURE,MARKET_SUSPEND_REGIME_SUM,1,INSERT-UPDATE,LASTCHANGED
150,FORCE_MAJEURE,MARKET_SUSPEND_REGION_SUM,SUSPENSION_REGION,<#VISIBILITY_ID>_MARKET_SUSPENSION_REGION_<#REPORT_DATETIME>_<#EVENT_QUEUE_ID>.CSV,FORCE_MAJEURE,FORCE_MAJEURE,MARKET_SUSPEND_REGION_SUM,1,INSERT-UPDATE,LASTCHANGED
151,FORCE_MAJEURE,MARKET_SUSPEND_SCHEDULE,SUSPENSION_SCHEDULE,<#VISIBILITY_ID>_MARKET_<#EVENT_ID>_<#REPORT_DATETIME>_<#EVENT_QUEUE_ID>.CSV,FORCE_MAJEURE,FORCE_MAJEURE,MARKET_SUSPEND_SCHEDULE,1,INSERT-UPDATE,LASTCHANGED
152,FORCE_MAJEURE,MARKET_SUSPEND_SCHEDULE_TRK,SUSPENSION_SCHEDULE,<#VISIBILITY_ID>_MARKET_<#EVENT_ID>_<#REPORT_DATETIME>_<#EVENT_QUEUE_ID>.CSV,FORCE_MAJEURE,FORCE_MAJEURE,MARKET_SUSPEND_SCHEDULE_TRK,1,INSERT-UPDATE,LASTCHANGED
153,FORCE_MAJEURE,OVERRIDERRP,OVERRIDERRP,<#VISIBILITY_ID>_FORCE_MAJEURE_<#REPORT_DATETIME>_<#EVENT_QUEUE_ID>.CSV,FORCE_MAJEURE,FORCE_MAJEURE,OVERRIDERRP,1,INSERT-UPDATE,LASTCHANGED
154,FORCE_MAJEURE,REGIONAPC,AP_EVENT,<#VISIBILITY_ID>_AP_EVENT_<#REPORT_DATETIME>_<#EVENT_QUEUE_ID>.CSV,AP_EVENT,AP,REGIONAPC,1,INSERT,
155,FORCE_MAJEURE,REGIONAPCINTERVALS,AP_EVENT,<#VISIBILITY_ID>_AP_EVENT_<#REPORT_DATETIME>_<#EVENT_QUEUE_ID>.CSV,AP_EVENT,AP,REGIONAPCINTERVALS,1,INSERT,
156,GD_INSTRUCT,GDINSTRUCT,GDINSTRUCT,<#VISIBILITY_ID>_GD_INSTRUCT_<#REPORT_DATETIME>_<#EVENT_QUEUE_ID>.CSV,GD_INSTRUCT,GD_INSTRUCT,GDINSTRUCT,1,INSERT-UPDATE,LASTCHANGED
157,GD_INSTRUCT,GDINSTRUCT,NEXT_DAY_GDINSTRUCT,<#VISIBILITY_ID>_NEXT_DAY_GDINSTRUCT_<#CASE_DATE>_<#EVENT_QUEUE_ID>.CSV,NEXT_DAY_GDINSTRUCT,GD_INSTRUCT,GDINSTRUCT,1,INSERT-UPDATE,LASTCHANGED
158,GD_INSTRUCT,INSTRUCTIONSUBTYPE,INSTRUCTIONSUBTYPE,<#VISIBILITY_ID>_GD_INSTRUCT_<#REPORT_DATETIME>_<#EVENT_QUEUE_ID>.CSV,GD_INSTRUCT,GD_INSTRUCT,INSTRUCTIONSUBTYPE,1,INSERT-UPDATE,LASTCHANGED
159,GD_INSTRUCT,INSTRUCTIONTYPE,INSTRUCTIONTYPE,<#VISIBILITY_ID>_GD_INSTRUCT_<#REPORT_DATETIME>_<#EVENT_QUEUE_ID>.CSV,GD_INSTRUCT,GD_INSTRUCT,INSTRUCTIONTYPE,1,INSERT-UPDATE,LASTCHANGED
160,GENERIC_CONSTRAINT,EMSMASTER,EMSMASTER,<#VISIBILITY_ID>_GENCON_<#EVENT_QUEUE_ID>.CSV,GENCON,GENERIC_CONSTRAINT,EMSMASTER,1,INSERT-UPDATE,LASTCHANGED
161,GENERIC_CONSTRAINT,GENCONDATA,CONSTRAINTS_VALIDATION,<#VISIBILITY_ID>_CONSTRAINTS_VALIDATION_<#REPORT_DATETIME>_<#EVENT_QUEUE_ID>.CSV,GENCON,GENCONDATA,NULL,6,INSERT,
162,GENERIC_CONSTRAINT,GENCONDATA,GENCONDATA_TRG,<#VISIBILITY_ID>_GENCON_<#REPORT_DATETIME>_<#EVENT_QUEUE_ID>.CSV,GENCON,GENCONDATA,NULL,6,INSERT,
163,GENERIC_CONSTRAINT,GENCONSET,CONSTRAINTS_VALIDATION,<#VISIBILITY_ID>_CONSTRAINTS_VALIDATION_<#REPORT_DATETIME>_<#EVENT_QUEUE_ID>.CSV,GENCON,GENCONSET,NULL,1,INSERT,
164,GENERIC_CONSTRAINT,GENCONSET,GENCONSETTRK_TRG,<#VISIBILITY_ID>_GENCON_<#REPORT_DATETIME>_<#EVENT_QUEUE_ID>.CSV,GENCON,GENCONSET,NULL,1,INSERT,
165,GENERIC_CONSTRAINT,GENCONSETINVOKE,GENCONSETINVOKE_TRG,<#VISIBILITY_ID>_GENCON_<#REPORT_DATETIME>_<#EVENT_QUEUE_ID>.CSV,GENCON,GENERIC_CONSTRAINT,GENCONSETINVOKE,2,INSERT-UPDATE,LASTCHANGED
166,GENERIC_CONSTRAINT,GENCONSETTRK,CONSTRAINTS_VALIDATION,<#VISIBILITY_ID>_CONSTRAINTS_VALIDATION_<#REPORT_DATETIME>_<#EVENT_QUEUE_ID>.CSV,GENCON,GENCONSETTRK,NULL,2,INSERT,
167,GENERIC_CONSTRAINT,GENCONSETTRK,GENCONSETTRK_TRG,<#VISIBILITY_ID>_GENCON_<#REPORT_DATETIME>_<#EVENT_QUEUE_ID>.CSV,GENCON,GENCONSETTRK,NULL,2,INSERT,
168,GENERIC_CONSTRAINT,GENERICCONSTRAINTRHS,CONSTRAINTS_VALIDATION,<#VISIBILITY_ID>_CONSTRAINTS_VALIDATION_<#REPORT_DATETIME>_<#EVENT_QUEUE_ID>.CSV,GENCON,GCRHS,NULL,1,INSERT,
169,GENERIC_CONSTRAINT,GENERICCONSTRAINTRHS,GENCONDATA_TRG,<#VISIBILITY_ID>_GENCON_<#REPORT_DATETIME>_<#EVENT_QUEUE_ID>.CSV,GENCON,GCRHS,NULL,1,INSERT,
170,GENERIC_CONSTRAINT,GENERICEQUATIONDESC,CONSTRAINTS_VALIDATION,<#VISIBILITY_ID>_CONSTRAINTS_VALIDATION_<#REPORT_DATETIME>_<#EVENT_QUEUE_ID>.CSV,GENCON,GEQDESC,NULL,2,INSERT-UPDATE,LASTCHANGED
171,GENERIC_CONSTRAINT,GENERICEQUATIONDESC,GENERICEQUATIONDESC_TRG,<#VISIBILITY_ID>_GENCON_<#REPORT_DATETIME>_<#EVENT_QUEUE_ID>.CSV,GENCON,GEQDESC,NULL,2,INSERT-UPDATE,LASTCHANGED
172,GENERIC_CONSTRAINT,GENERICEQUATIONRHS,CONSTRAINTS_VALIDATION,<#VISIBILITY_ID>_CONSTRAINTS_VALIDATION_<#REPORT_DATETIME>_<#EVENT_QUEUE_ID>.CSV,GENCON,GEQRHS,NULL,1,INSERT,
173,GENERIC_CONSTRAINT,GENERICEQUATIONRHS,GENERICEQUATIONRHS_TRG,<#VISIBILITY_ID>_GENCON_<#REPORT_DATETIME>_<#EVENT_QUEUE_ID>.CSV,GENCON,GEQRHS,NULL,1,INSERT,
174,GENERIC_CONSTRAINT,SPDCONNECTIONPOINTCONSTRAINT,CONSTRAINTS_VALIDATION,<#VISIBILITY_ID>_CONSTRAINTS_VALIDATION_<#REPORT_DATETIME>_<#EVENT_QUEUE_ID>.CSV,GENCON,SPDCPC,NULL,2,INSERT,
175,GENERIC_CONSTRAINT,SPDCONNECTIONPOINTCONSTRAINT,GENCONDATA_TRG,<#VISIBILITY_ID>_GENCON_<#REPORT_DATETIME>_<#EVENT_QUEUE_ID>.CSV,GENCON,SPDCPC,NULL,2,INSERT,
176,GENERIC_CONSTRAINT,SPDINTERCONNECTORCONSTRAINT,CONSTRAINTS_VALIDATION,<#VISIBILITY_ID>_CONSTRAINTS_VALIDATION_<#REPORT_DATETIME>_<#EVENT_QUEUE_ID>.CSV,GENCON,SPDICC,NULL,1,INSERT,
177,GENERIC_CONSTRAINT,SPDINTERCONNECTORCONSTRAINT,GENCONDATA_TRG,<#VISIBILITY_ID>_GENCON_<#REPORT_DATETIME>_<#EVENT_QUEUE_ID>.CSV,GENCON,SPDICC,NULL,1,INSERT,
178,GENERIC_CONSTRAINT,SPDREGIONCONSTRAINT,CONSTRAINTS_VALIDATION,<#VISIBILITY_ID>_CONSTRAINTS_VALIDATION_<#REPORT_DATETIME>_<#EVENT_QUEUE_ID>.CSV,GENCON,SPDRC,NULL,2,INSERT,
179,GENERIC_CONSTRAINT,SPDREGIONCONSTRAINT,GENCONDATA_TRG,<#VISIBILITY_ID>_GENCON_<#REPORT_DATETIME>_<#EVENT_QUEUE_ID>.CSV,GENCON,SPDRC,NULL,2,INSERT,
180,IRAUCTION,AUCTION,AUCTION,<#VISIBILITY_ID>_IRAUCTION_CONFIG_<#REPORT_DATETIME>_<#EVENT_QUEUE_ID>.CSV,IRAUCTION_CONFIG,IRAUCTION_CONFIG,AUCTION,1,INSERT-UPDATE,LASTCHANGED
181,IRAUCTION,AUCTION_CALENDAR,AUCTION_CALENDAR,<#VISIBILITY_ID>_IRAUCTION_CONFIG_<#REPORT_DATETIME>_<#EVENT_QUEUE_ID>.CSV,IRAUCTION_CONFIG,IRAUCTION_CONFIG,AUCTION_CALENDAR,2,INSERT-UPDATE,LASTCHANGED
182,IRAUCTION,AUCTION_IC_ALLOCATIONS,AUCTION_IC_ALLOCATIONS,<#VISIBILITY_ID>_IRAUCTION_CONFIG_<#REPORT_DATETIME>_<#EVENT_QUEUE_ID>.CSV,IRAUCTION_CONFIG,IRAUCTION_CONFIG,AUCTION_IC_ALLOCATIONS,2,INSERT-UPDATE,LASTCHANGED
183,IRAUCTION,AUCTION_REVENUE_ESTIMATE,AUCTION_REVENUE_TRACK,<#VISIBILITY_ID>_IRAUCTION_CONFIG_<#REPORT_DATETIME>_<#EVENT_QUEUE_ID>.CSV,IRAUCTION_CONFIG,IRAUCTION_CONFIG,AUCTION_REVENUE_ESTIMATE,1,INSERT-UPDATE,LASTCHANGED
184,IRAUCTION,AUCTION_REVENUE_TRACK,AUCTION_REVENUE_TRACK,<#VISIBILITY_ID>_IRAUCTION_CONFIG_<#REPORT_DATETIME>_<#EVENT_QUEUE_ID>.CSV,IRAUCTION_CONFIG,IRAUCTION_CONFIG,AUCTION_REVENUE_TRACK,1,INSERT-UPDATE,LASTCHANGED
185,IRAUCTION,AUCTION_RP_ESTIMATE,AUCTION_REVENUE_TRACK,<#VISIBILITY_ID>_IRAUCTION_CONFIG_<#REPORT_DATETIME>_<#EVENT_QUEUE_ID>.CSV,IRAUCTION_CONFIG,IRAUCTION_CONFIG,AUCTION_RP_ESTIMATE,1,INSERT-UPDATE,LASTCHANGED
186,IRAUCTION,AUCTION_TRANCHE,AUCTION_TRANCHE,<#VISIBILITY_ID>_IRAUCTION_CONFIG_<#REPORT_DATETIME>_<#EVENT_QUEUE_ID>.CSV,IRAUCTION_CONFIG,IRAUCTION_CONFIG,AUCTION_TRANCHE,1,INSERT-UPDATE,LASTCHANGED
187,IRAUCTION,RESIDUECONTRACTPAYMENTS,RESIDUECONTRACTPAYMENTS,<#VISIBILITY_ID>_SETTLEMENT_CONFIG_<#REPORT_DATETIME>_<#EVENT_QUEUE_ID>.CSV,SETTLEMENT_CONFIG,SETTLEMENT_CONFIG,RESIDUECONTRACTPAYMENTS,1,INSERT,
188,IRAUCTION,RESIDUEFILETRK,SRA_OFFER_ACK,<#VISIBILITY_ID>_IRAUCTION_BIDS_<#CASE_DATETIME>_<#EVENT_QUEUE_ID>.CSV,IRAUCTION_BIDS,IRAUCTION_BIDS,FILE_TRK,1,INSERT,
189,IRAUCTION,RESIDUE_BID_TRK,RESIDUE_BID_TRK,<#VISIBILITY_ID>_IRAUCTION_<#REPORT_DATETIME>_<#EVENT_QUEUE_ID>.CSV,IRAUCTION,IRAUCTION,RESIDUE_BID_TRK,1,INSERT,
190,IRAUCTION,RESIDUE_CONTRACTS,RESIDUE_CONTRACTS,<#VISIBILITY_ID>_IRAUCTION_<#REPORT_DATETIME>_<#EVENT_QUEUE_ID>.CSV,IRAUCTION,IRAUCTION,RESIDUE_CONTRACTS,1,INSERT-UPDATE,LASTCHANGED
191,IRAUCTION,RESIDUE_CON_DATA,RESIDUE_CON_DATA,<#VISIBILITY_ID>_IRAUCTION_<#REPORT_DATETIME>_<#EVENT_QUEUE_ID>.CSV,IRAUCTION,IRAUCTION,RESIDUE_CON_DATA,2,INSERT,
192,IRAUCTION,RESIDUE_CON_ESTIMATES_TRK,RESIDUE_CON_ESTIMATES_TRK,<#VISIBILITY_ID>_IRAUCTION_<#REPORT_DATETIME>_<#EVENT_QUEUE_ID>.CSV,IRAUCTION,IRAUCTION,RESIDUE_CON_ESTIMATES_TRK,1,INSERT,
193,IRAUCTION,RESIDUE_CON_FUNDS,RESIDUE_CON_FUNDS,<#VISIBILITY_ID>_IRAUCTION_<#REPORT_DATETIME>_<#EVENT_QUEUE_ID>.CSV,IRAUCTION,IRAUCTION,RESIDUE_CON_FUNDS,1,INSERT,
194,IRAUCTION,RESIDUE_FUNDS_BID,SRA_OFFER_ACK,<#VISIBILITY_ID>_IRAUCTION_BIDS_<#CASE_DATETIME>_<#EVENT_QUEUE_ID>.CSV,IRAUCTION_BIDS,IRAUCTION_BIDS,FUNDS_BID,1,INSERT,
195,IRAUCTION,RESIDUE_PRICE_BID,RESIDUE_PRICE_BID,<#VISIBILITY_ID>_IRAUCTION_<#REPORT_DATETIME>_<#EVENT_QUEUE_ID>.CSV,IRAUCTION,IRAUCTION,RESIDUE_PRICE_BID,1,INSERT,
196,IRAUCTION,RESIDUE_PRICE_BID,SRA_OFFER_ACK,<#VISIBILITY_ID>_IRAUCTION_BIDS_<#CASE_DATETIME>_<#EVENT_QUEUE_ID>.CSV,IRAUCTION_BIDS,IRAUCTION_BIDS,PRICE_BID,1,INSERT,
197,IRAUCTION,RESIDUE_PRICE_FUNDS_BID,RESIDUE_TRK,<#VISIBILITY_ID>_IRAUCTION_<#REPORT_DATETIME>_<#EVENT_QUEUE_ID>.CSV,IRAUCTION,IRAUCTION,RESIDUE_PRICE_FUNDS_BID,1,INSERT,
198,IRAUCTION,RESIDUE_PUBLIC_DATA,RESIDUE_PUBLIC_DATA,<#VISIBILITY_ID>_IRAUCTION_<#REPORT_DATETIME>_<#EVENT_QUEUE_ID>.CSV,IRAUCTION,IRAUCTION,RESIDUE_PUBLIC_DATA,1,INSERT,
199,IRAUCTION,RESIDUE_TRK,RESIDUE_TRK,<#VISIBILITY_ID>_IRAUCTION_<#REPORT_DATETIME>_<#EVENT_QUEUE_ID>.CSV,IRAUCTION,IRAUCTION,RESIDUE_TRK,1,INSERT-UPDATE,LASTCHANGED
200,IRAUCTION,SRA_CASH_SECURITY,SRA_CASH_SECURITY,<#VISIBILITY_ID>_SRA_CASHSECURITY_<#REPORT_DATETIME>_<#EVENT_QUEUE_ID>.CSV,IRAUCTION,IRAUCTION,SRA_CASH_SECURITY,1,INSERT-UPDATE,LASTCHANGED
201,IRAUCTION,SRA_FINANCIAL_AUCPAY_DETAIL,SRA_FINANCIAL_RUN,<#VISIBILITY_ID>_SRA_FINANCIAL_RUN_<#REPORT_DATETIME>_<#EVENT_QUEUE_ID>.CSV,IRAUCTION,IRAUCTION,SRA_FINANCIAL_AUCPAY_DETAIL,1,INSERT,
202,IRAUCTION,SRA_FINANCIAL_AUCPAY_SUM,SRA_FINANCIAL_RUN,<#VISIBILITY_ID>_SRA_FINANCIAL_RUN_<#REPORT_DATETIME>_<#EVENT_QUEUE_ID>.CSV,IRAUCTION,IRAUCTION,SRA_FINANCIAL_AUCPAY_SUM,1,INSERT,
203,IRAUCTION,SRA_FINANCIAL_AUC_MARDETAIL,SRA_FINANCIAL_RUN,<#VISIBILITY_ID>_SRA_FINANCIAL_RUN_<#REPORT_DATETIME>_<#EVENT_QUEUE_ID>.CSV,IRAUCTION,IRAUCTION,SRA_FINANCIAL_AUC_MARDETAIL,1,INSERT,
204,IRAUCTION,SRA_FINANCIAL_AUC_MARGIN,SRA_FINANCIAL_RUN,<#VISIBILITY_ID>_SRA_FINANCIAL_RUN_<#REPORT_DATETIME>_<#EVENT_QUEUE_ID>.CSV,IRAUCTION,IRAUCTION,SRA_FINANCIAL_AUC_MARGIN,1,INSERT,
205,IRAUCTION,SRA_FINANCIAL_AUC_RECEIPTS,SRA_FINANCIAL_RUN,<#VISIBILITY_ID>_SRA_FINANCIAL_RUN_<#REPORT_DATETIME>_<#EVENT_QUEUE_ID>.CSV,IRAUCTION,IRAUCTION,SRA_FINANCIAL_AUC_RECEIPTS,1,INSERT,
206,IRAUCTION,SRA_FINANCIAL_RUNTRK,SRA_FINANCIAL_RUN,<#VISIBILITY_ID>_SRA_FINANCIAL_RUN_<#REPORT_DATETIME>_<#EVENT_QUEUE_ID>.CSV,IRAUCTION,IRAUCTION,SRA_FINANCIAL_RUNTRK,1,INSERT,
207,IRAUCTION,SRA_OFFER_PRODUCT,SRA_SEC_OFFERS,<#VISIBILITY_ID>_SRA_SEC_OFFERS_<#REPORT_DATETIME>_<#EVENT_QUEUE_ID>.CSV,IRAUCTION,IRAUCTION,SRA_OFFER_PRODUCT,1,INSERT-UPDATE,LASTCHANGED
208,IRAUCTION,SRA_OFFER_PROFILE,SRA_SEC_OFFERS,<#VISIBILITY_ID>_SRA_SEC_OFFERS_<#REPORT_DATETIME>_<#EVENT_QUEUE_ID>.CSV,IRAUCTION,IRAUCTION,SRA_OFFER_PROFILE,1,INSERT-UPDATE,LASTCHANGED
209,IRAUCTION,SRA_PRUDENTIAL_CASH_SECURITY,SRA_PRUDENTIAL_RUN,<#VISIBILITY_ID>_SRA_PRUDENTIALRUN_<#REPORT_DATETIME>_<#EVENT_QUEUE_ID>.CSV,IRAUCTION,IRAUCTION,SRA_PRUDENTIAL_CASH_SECURITY,1,INSERT,
210,IRAUCTION,SRA_PRUDENTIAL_COMP_POSITION,SRA_PRUDENTIAL_RUN,<#VISIBILITY_ID>_SRA_PRUDENTIALRUN_<#REPORT_DATETIME>_<#EVENT_QUEUE_ID>.CSV,IRAUCTION,IRAUCTION,SRA_PRUDENTIAL_COMP_POSITION,1,INSERT,
211,IRAUCTION,SRA_PRUDENTIAL_EXPOSURE,SRA_PRUDENTIAL_RUN,<#VISIBILITY_ID>_SRA_PRUDENTIALRUN_<#REPORT_DATETIME>_<#EVENT_QUEUE_ID>.CSV,IRAUCTION,IRAUCTION,SRA_PRUDENTIAL_EXPOSURE,1,INSERT,
212,IRAUCTION,SRA_PRUDENTIAL_RUN,SRA_PRUDENTIAL_RUN,<#VISIBILITY_ID>_SRA_PRUDENTIALRUN_<#REPORT_DATETIME>_<#EVENT_QUEUE_ID>.CSV,IRAUCTION,IRAUCTION,SRA_PRUDENTIAL_RUN,1,INSERT,
213,IRAUCTION,VALUATIONID,VALUATIONID,<#VISIBILITY_ID>_IRAUCTION_<#REPORT_DATETIME>_<#EVENT_QUEUE_ID>.CSV,IRAUCTION,IRAUCTION,VALUATIONID,1,INSERT,
214,MARKET_CONFIG,BIDTYPES,BIDTYPESTRK,<#VISIBILITY_ID>_MARKET_CONFIG_<#REPORT_DATETIME>_<#EVENT_QUEUE_ID>.CSV,MARKET_CONFIG,MARKET_CONFIG,BIDTYPES,1,INSERT-UPDATE,LASTCHANGED
215,MARKET_CONFIG,BIDTYPESTRK,BIDTYPESTRK,<#VISIBILITY_ID>_MARKET_CONFIG_<#REPORT_DATETIME>_<#EVENT_QUEUE_ID>.CSV,MARKET_CONFIG,MARKET_CONFIG,BIDTYPESTRK,1,INSERT-UPDATE,LASTCHANGED
216,MARKET_CONFIG,INTERCONNECTOR,INTERCONNECTOR,<#VISIBILITY_ID>_MARKET_CONFIG_<#REPORT_DATETIME>_<#EVENT_QUEUE_ID>.CSV,MARKET_CONFIG,MARKET_CONFIG,INTERCONNECTOR,1,INSERT-UPDATE,LASTCHANGED
217,MARKET_CONFIG,INTERCONNECTORALLOC,INTERCONNECTORALLOC,<#VISIBILITY_ID>_MARKET_CONFIG_<#REPORT_DATETIME>_<#EVENT_QUEUE_ID>.CSV,MARKET_CONFIG,MARKET_CONFIG,INTERCONNECTORALLOC,1,INSERT,
218,MARKET_CONFIG,INTERCONNECTORCONSTRAINT,INTERCONNECTORCONSTRAINT,<#VISIBILITY_ID>_MARKET_CONFIG_<#REPORT_DATETIME>_<#EVENT_QUEUE_ID>.CSV,MARKET_CONFIG,MARKET_CONFIG,INTERCONNECTORCONSTRAINT,1,INSERT-UPDATE,LASTCHANGED
219,MARKET_CONFIG,INTRAREGIONALLOC,INTRAREGIONALLOC,<#VISIBILITY_ID>_MARKET_CONFIG_<#REPORT_DATETIME>_<#EVENT_QUEUE_ID>.CSV,MARKET_CONFIG,MARKET_CONFIG,INTRAREGIONALLOC,1,INSERT,
220,MARKET_CONFIG,LOSSFACTORMODEL,INTERCONNECTORCONSTRAINT,<#VISIBILITY_ID>_MARKET_CONFIG_<#REPORT_DATETIME>_<#EVENT_QUEUE_ID>.CSV,MARKET_CONFIG,MARKET_CONFIG,LOSSFACTORMODEL,1,INSERT-UPDATE,LASTCHANGED
221,MARKET_CONFIG,LOSSMODEL,INTERCONNECTORCONSTRAINT,<#VISIBILITY_ID>_MARKET_CONFIG_<#REPORT_DATETIME>_<#EVENT_QUEUE_ID>.CSV,MARKET_CONFIG,MARKET_CONFIG,LOSSMODEL,1,INSERT-UPDATE,LASTCHANGED
222,MARKET_CONFIG,MARKET_PRICE_THRESHOLDS,MARKET_PRICE_THRESHOLDS,<#VISIBILITY_ID>_MARKET_CONFIG_<#REPORT_DATETIME>_<#EVENT_QUEUE_ID>.CSV,MARKET_CONFIG,MARKET_CONFIG,MARKET_PRICE_THRESHOLDS,1,INSERT,
223,MARKET_CONFIG,REGION,REGION,<#VISIBILITY_ID>_MARKET_CONFIG_<#REPORT_DATETIME>_<#EVENT_QUEUE_ID>.CSV,MARKET_CONFIG,MARKET_CONFIG,REGION,1,INSERT-UPDATE,LASTCHANGED
224,MARKET_CONFIG,REGIONSTANDINGDATA,REGIONSTANDINGDATA,<#VISIBILITY_ID>_MARKET_CONFIG_<#REPORT_DATETIME>_<#EVENT_QUEUE_ID>.CSV,MARKET_CONFIG,MARKET_CONFIG,REGIONSTANDINGDATA,1,INSERT-UPDATE,LASTCHANGED
225,MARKET_CONFIG,TRANSMISSIONLOSSFACTOR,TRANSMISSIONLOSSFACTOR,<#VISIBILITY_ID>_MARKET_CONFIG_<#REPORT_DATETIME>_<#EVENT_QUEUE_ID>.CSV,MARKET_CONFIG,MARKET_CONFIG,TRANSMISSIONLOSSFACTOR,2,INSERT-UPDATE,LASTCHANGED
226,MARKET_NOTICE,MARKETNOTICEDATA,MARKETNOTICEDATA,<#VISIBILITY_ID>_MARKET_NOTICE_<#REPORT_DATETIME>_<#EVENT_QUEUE_ID>.CSV,MARKET_NOTICE,MARKET_NOTICE,MARKETNOTICEDATA,1,INSERT,
227,MARKET_NOTICE,MARKETNOTICETYPE,MARKETNOTICETYPE,<#VISIBILITY_ID>_MARKET_NOTICE_<#REPORT_DATETIME>_<#EVENT_QUEUE_ID>.CSV,MARKET_NOTICE,MARKET_NOTICE,MARKETNOTICETYPE,1,INSERT-UPDATE,LASTCHANGED
228,MARKET_NOTICE,PARTICIPANTNOTICETRK,MARKETNOTICEDATA,<#VISIBILITY_ID>_MARKET_NOTICE_<#REPORT_DATETIME>_<#EVENT_QUEUE_ID>.CSV,MARKET_NOTICE,MARKET_NOTICE,PARTICIPANTNOTICETRK,1,INSERT,
229,MCC_DISPATCH,MCC_CASESOLUTION,MCCDISPATCH,<#VISIBILITY_ID>_MCCDISPATCH_<#CASE_DATETIME>_<#EVENT_QUEUE_ID>.CSV,MCCDISPATCH,MCC,CASESOLUTION,1,INSERT,
230,MCC_DISPATCH,MCC_CASESOLUTION,NEXT_DAY_MCCDISPATCH,<#VISIBILITY_ID>_NEXT_DAY_MCCDISPATCH_<#CASE_DATE>_<#EVENT_QUEUE_ID>.CSV,NEXT_DAY_MCCDISPATCH,MCC,CASESOLUTION,1,INSERT,
231,MCC_DISPATCH,MCC_CONSTRAINTSOLUTION,MCCDISPATCH,<#VISIBILITY_ID>_MCCDISPATCH_<#CASE_DATETIME>_<#EVENT_QUEUE_ID>.CSV,MCCDISPATCH,MCC,CONSTRAINTSOLUTION,1,INSERT,
232,MCC_DISPATCH,MCC_CONSTRAINTSOLUTION,NEXT_DAY_MCCDISPATCH,<#VISIBILITY_ID>_NEXT_DAY_MCCDISPATCH_<#CASE_DATE>_<#EVENT_QUEUE_ID>.CSV,NEXT_DAY_MCCDISPATCH,MCC,CONSTRAINTSOLUTION,1,INSERT,
233,METER_DATA,METERDATA,CUSTOMER_METERDATA_LEGACY,<#VISIBILITY_ID>_METER_DATA_<#REPORT_DATETIME>_<#EVENT_QUEUE_ID>_LEGACY.CSV,METER_DATA,METER_DATA,CUSTOMER,1,INSERT,
234,METER_DATA,METERDATATRK,CUSTOMER_METERDATA_LEGACY,<#VISIBILITY_ID>_METER_DATA_<#REPORT_DATETIME>_<#EVENT_QUEUE_ID>_LEGACY.CSV,METER_DATA,METER_DATA,CUSTOMER_TRK,1,INSERT,
235,METER_DATA,METERDATA_AGGREGATE_READS,METER_DATA,<#VISIBILITY_ID>_METER_DATA_<#REPORT_DATETIME>_<#EVENT_QUEUE_ID>.CSV,METER_DATA,METERDATA,AGGREGATE_READS,1,INSERT,
236,METER_DATA,METERDATA_INDIVIDUAL_READS,METER_DATA,<#VISIBILITY_ID>_METER_DATA_<#REPORT_DATETIME>_<#EVENT_QUEUE_ID>.CSV,METER_DATA,METERDATA,INDIVIDUAL_READS,1,INSERT,
237,METER_DATA,METERDATA_INTERCONNECTOR,METER_DATA,<#VISIBILITY_ID>_METER_DATA_<#REPORT_DATETIME>_<#EVENT_QUEUE_ID>.CSV,METER_DATA,METERDATA,INTERCONNECTOR,1,INSERT,
238,METER_DATA,METERDATA_TRK,METER_DATA,<#VISIBILITY_ID>_METER_DATA_<#REPORT_DATETIME>_<#EVENT_QUEUE_ID>.CSV,METER_DATA,METERDATA,TRK,1,INSERT,
239,METER_DATA,METERDATA_WDR_READS,METER_DATA,<#VISIBILITY_ID>_METER_DATA_<#REPORT_DATETIME>_<#EVENT_QUEUE_ID>.CSV,METER_DATA,METERDATA,WDR_READS,1,INSERT,
240,MREVENT,MR_DAYOFFER_STACK,MR_EVENT_SCHEDULE,<#VISIBILITY_ID>_MR_EVENT_SCHEDULE_<#REPORT_DATETIME>.CSV,MR_EVENT_SCHEDULE,MR,DAYOFFER_STACK,1,INSERT,
241,MREVENT,MR_DAYOFFER_STACK,NEXT_DAY_MR,<#VISIBILITY_ID>_NEXT_DAY_MR_<#CASE_DATE>_<#EVENT_QUEUE_ID>.CSV,NEXT_DAY_MR,MR,DAYOFFER_STACK,1,INSERT,
242,MREVENT,MR_EVENT,MR_EVENT,<#VISIBILITY_ID>_MR_EVENT_<#REPORT_DATETIME>.CSV,MR_EVENT,MR,EVENT,1,INSERT,
243,MREVENT,MR_EVENT_SCHEDULE,MR_EVENT_SCHEDULE,<#VISIBILITY_ID>_MR_EVENT_SCHEDULE_<#REPORT_DATETIME>.CSV,MR_EVENT_SCHEDULE,MR,EVENT_SCHEDULE,1,INSERT,
244,MREVENT,MR_PEROFFER_STACK,MR_EVENT_SCHEDULE,<#VISIBILITY_ID>_MR_EVENT_SCHEDULE_<#REPORT_DATETIME>.CSV,MR_EVENT_SCHEDULE,MR,PEROFFER_STACK,1,INSERT,
245,MREVENT,MR_PEROFFER_STACK,NEXT_DAY_MR,<#VISIBILITY_ID>_NEXT_DAY_MR_<#CASE_DATE>_<#EVENT_QUEUE_ID>.CSV,NEXT_DAY_MR,MR,PEROFFER_STACK,1,INSERT,
246,MTPASA_SOLUTION,MTPASA_CASERESULT,MTPASA,<#VISIBILITY_ID>_MTPASA_<#CASE_DATETIME>_<#EVENT_QUEUE_ID>.CSV,MTPASA,MTPASA,CASERESULT,1,INSERT,
247,MTPASA_SOLUTION,MTPASA_CONSTRAINTRESULT,MTPASA,<#VISIBILITY_ID>_MTPASA_<#CASE_DATETIME>_<#EVENT_QUEUE_ID>.CSV,MTPASA,MTPASA,CONSTRAINTRESULT,1,INSERT,
248,MTPASA_SOLUTION,MTPASA_CONSTRAINTSUMMARY,MTPASA,<#VISIBILITY_ID>_MTPASA_<#CASE_DATETIME>_<#EVENT_QUEUE_ID>.CSV,MTPASA,MTPASA,CONSTRAINTSUMMARY,1,INSERT,
249,MTPASA_SOLUTION,MTPASA_DUIDAVAILABILITY,MTPASADUIDAVAILABILITY,<#VISIBILITY_ID>_MTPASADUIDAVAILABILITY_<#CASE_DATETIME>_<#EVENT_QUEUE_ID>.CSV,MTPASAREGIONAVAILABILITY,MTPASA,DUIDAVAILABILITY,2,INSERT,
250,MTPASA_SOLUTION,MTPASA_INTERCONNECTORRESULT,MTPASA,<#VISIBILITY_ID>_MTPASA_<#CASE_DATETIME>_<#EVENT_QUEUE_ID>.CSV,MTPASA,MTPASA,INTERCONNECTORRESULT,1,INSERT,
251,MTPASA_SOLUTION,MTPASA_LOLPRESULT,MTPASA,<#VISIBILITY_ID>_MTPASA_<#CASE_DATETIME>_<#EVENT_QUEUE_ID>.CSV,MTPASA,MTPASA,LOLPRESULT,1,INSERT,
252,MTPASA_SOLUTION,MTPASA_REGIONAVAILABILITY,MTPASAREGIONAVAILABILITY,<#VISIBILITY_ID>_MTPASAREGIONAVAILABILITY_<#CASE_DATETIME>_<#EVENT_QUEUE_ID>.CSV,MTPASAREGIONAVAILABILITY,MTPASA,REGIONAVAILABILITY,4,INSERT,
253,MTPASA_SOLUTION,MTPASA_REGIONAVAIL_TRK,MTPASAREGIONAVAILABILITY,<#VISIBILITY_ID>_MTPASAREGIONAVAILABILITY_<#CASE_DATETIME>_<#EVENT_QUEUE_ID>.CSV,MTPASAREGIONAVAILABILITY,MTPASA,REGIONAVAILTRK,1,INSERT,
254,MTPASA_SOLUTION,MTPASA_REGIONITERATION,MTPASA,<#VISIBILITY_ID>_MTPASA_<#CASE_DATETIME>_<#EVENT_QUEUE_ID>.CSV,MTPASA,MTPASA,REGIONITERATION,1,INSERT,
255,MTPASA_SOLUTION,MTPASA_REGIONRESULT,MTPASA,<#VISIBILITY_ID>_MTPASA_<#CASE_DATETIME>_<#EVENT_QUEUE_ID>.CSV,MTPASA,MTPASA,REGIONRESULT,2,INSERT,
256,MTPASA_SOLUTION,MTPASA_REGIONSUMMARY,MTPASA,<#VISIBILITY_ID>_MTPASA_<#CASE_DATETIME>_<#EVENT_QUEUE_ID>.CSV,MTPASA,MTPASA,REGIONSUMMARY,1,INSERT,
257,NETWORK,NETWORK_EQUIPMENTDETAIL,NETWORK_STANDING,<#VISIBILITY_ID>_NETWORK_<#REPORT_DATETIME>_<#EVENT_QUEUE_ID>.CSV,NETWORK,NETWORK,EQUIPMENTDETAIL,2,INSERT-UPDATE,LASTCHANGED
258,NETWORK,NETWORK_OUTAGECONSTRAINTSET,NETWORK_OUTAGE,<#VISIBILITY_ID>_NETWORK_<#REPORT_DATETIME>_<#EVENT_QUEUE_ID>.CSV,NETWORK,NETWORK,OUTAGECONSTRAINTSET,1,INSERT,
259,NETWORK,NETWORK_OUTAGEDETAIL,NETWORK_OUTAGE,<#VISIBILITY_ID>_NETWORK_<#REPORT_DATETIME>_<#EVENT_QUEUE_ID>.CSV,NETWORK,NETWORK,OUTAGEDETAIL,4,INSERT-UPDATE,LASTCHANGED
260,NETWORK,NETWORK_OUTAGESTATUSCODE,NETWORK_STANDING,<#VISIBILITY_ID>_NETWORK_<#REPORT_DATETIME>_<#EVENT_QUEUE_ID>.CSV,NETWORK,NETWORK,OUTAGESTATUSCODE,1,INSERT-UPDATE,LASTCHANGED
261,NETWORK,NETWORK_RATING,NETWORK_RATING,<#VISIBILITY_ID>_NETWORK_<#REPORT_DATETIME>_<#EVENT_QUEUE_ID>.CSV,NETWORK,NETWORK,RATING,1,INSERT-UPDATE,LASTCHANGED
262,NETWORK,NETWORK_REALTIMERATING,NETWORK_REALTIMERATING,<#VISIBILITY_ID>_NETWORK_<#REPORT_DATETIME>_<#EVENT_QUEUE_ID>.CSV,NETWORK,NETWORK,REALTIMERATING,1,INSERT,
263,NETWORK,NETWORK_STATICRATING,NETWORK_RATING,<#VISIBILITY_ID>_NETWORK_<#REPORT_DATETIME>_<#EVENT_QUEUE_ID>.CSV,NETWORK,NETWORK,STATICRATING,1,INSERT-UPDATE,LASTCHANGED
264,NETWORK,NETWORK_SUBSTATIONDETAIL,NETWORK_STANDING,<#VISIBILITY_ID>_NETWORK_<#REPORT_DATETIME>_<#EVENT_QUEUE_ID>.CSV,NETWORK,NETWORK,SUBSTATIONDETAIL,2,INSERT-UPDATE,LASTCHANGED
265,P5MIN,P5MIN_BLOCKEDCONSTRAINT,P5MIN,<#VISIBILITY_ID>_P5MIN_<#CASE_DATETIME>_<#REPORT_DATETIME>.CSV,P5MIN,P5MIN,BLOCKED_CONSTRAINTS,1,INSERT,
266,P5MIN,P5MIN_CASESOLUTION,P5MIN,<#VISIBILITY_ID>_P5MIN_<#CASE_DATETIME>_<#REPORT_DATETIME>.CSV,P5MIN,P5MIN,CASESOLUTION,2,INSERT,
267,P5MIN,P5MIN_CONSTRAINTSOLUTION,P5MIN,<#VISIBILITY_ID>_P5MIN_<#CASE_DATETIME>_<#REPORT_DATETIME>.CSV,P5MIN,P5MIN,CONSTRAINTSOLUTION,6,INSERT,
268,P5MIN,P5MIN_INTERCONNECTORSOLN,P5MIN,<#VISIBILITY_ID>_P5MIN_<#CASE_DATETIME>_<#REPORT_DATETIME>.CSV,P5MIN,P5MIN,INTERCONNECTORSOLN,4,INSERT,
269,P5MIN,P5MIN_INTERSENSITIVITIES,P5MIN_SENSITIVITIES,<#VISIBILITY_ID>_P5MIN_SENSITIVITIES_<#REPORT_DATETIME>_<#EVENT_QUEUE_ID>.CSV,P5MIN_SENSITIVITIES,P5MIN,INTERSENSITIVITIES,1,INSERT,
270,P5MIN,P5MIN_LOCAL_PRICE,P5MIN,<#VISIBILITY_ID>_P5MIN_<#CASE_DATETIME>_<#REPORT_DATETIME>.CSV,P5MIN,P5MIN,LOCAL_PRICE,1,INSERT,
271,P5MIN,P5MIN_PRICESENSITIVITIES,P5MIN_SENSITIVITIES,<#VISIBILITY_ID>_P5MIN_SENSITIVITIES_<#REPORT_DATETIME>_<#EVENT_QUEUE_ID>.CSV,P5MIN_SENSITIVITIES,P5MIN,PRICESENSITIVITIES,1,INSERT,
272,P5MIN,P5MIN_REGIONSOLUTION,P5MIN,<#VISIBILITY_ID>_P5MIN_<#CASE_DATETIME>_<#REPORT_DATETIME>.CSV,P5MIN,P5MIN,REGIONSOLUTION,7,INSERT,
273,P5MIN,P5MIN_SCENARIODEMAND,P5MIN_SCENARIODEMANDTRK,<#VISIBILITY_ID>_P5MIN_SCENARIODEMANDTRK_<#REPORT_DATETIME>_<#EVENT_QUEUE_ID>.CSV,P5MIN_SENSITIVITIES,P5MIN,SCENARIODEMAND,1,INSERT,
274,P5MIN,P5MIN_SCENARIODEMANDTRK,P5MIN_SCENARIODEMANDTRK,<#VISIBILITY_ID>_P5MIN_SCENARIODEMANDTRK_<#REPORT_DATETIME>_<#EVENT_QUEUE_ID>.CSV,P5MIN_SENSITIVITIES,P5MIN,SCENARIODEMANDTRK,1,INSERT-UPDATE,LASTCHANGED
275,P5MIN,P5MIN_UNITSOLUTION,P5MIN,<#VISIBILITY_ID>_P5MIN_<#CASE_DATETIME>_<#REPORT_DATETIME>.CSV,P5MIN,P5MIN,UNITSOLUTION,4,INSERT,
276,PARTICIPANT_REGISTRATION,BIDDUIDDETAILS,BIDDUIDDETAILSTRK,<#VISIBILITY_ID>_PARTICIPANT_REGISTRATION_<#REPORT_DATETIME>_<#EVENT_QUEUE_ID>.CSV,PARTICIPANT_REGISTRATION,PARTICIPANT_REGISTRATION,BIDDUIDDETAILS,1,INSERT-UPDATE,LASTCHANGED
277,PARTICIPANT_REGISTRATION,BIDDUIDDETAILSTRK,BIDDUIDDETAILSTRK,<#VISIBILITY_ID>_PARTICIPANT_REGISTRATION_<#REPORT_DATETIME>_<#EVENT_QUEUE_ID>.CSV,PARTICIPANT_REGISTRATION,PARTICIPANT_REGISTRATION,BIDDUIDDETAILSTRK,1,INSERT-UPDATE,LASTCHANGED
278,PARTICIPANT_REGISTRATION,DISPATCHABLEUNIT,DISPATCHABLEUNIT,<#VISIBILITY_ID>_PARTICIPANT_REGISTRATION_<#REPORT_DATETIME>_<#EVENT_QUEUE_ID>.CSV,PARTICIPANT_REGISTRATION,PARTICIPANT_REGISTRATION,DISPATCHABLEUNIT,1,INSERT-UPDATE,LASTCHANGED
279,PARTICIPANT_REGISTRATION,DUALLOC,DUALLOC,<#VISIBILITY_ID>_PARTICIPANT_REGISTRATION_<#REPORT_DATETIME>_<#EVENT_QUEUE_ID>.CSV,PARTICIPANT_REGISTRATION,PARTICIPANT_REGISTRATION,DUALLOC,1,INSERT,
280,PARTICIPANT_REGISTRATION,DUDETAIL,DUDETAIL,<#VISIBILITY_ID>_PARTICIPANT_REGISTRATION_<#REPORT_DATETIME>_<#EVENT_QUEUE_ID>.CSV,PARTICIPANT_REGISTRATION,PARTICIPANT_REGISTRATION,DUDETAIL,4,INSERT,
281,PARTICIPANT_REGISTRATION,DUDETAILSUMMARY,DUDETAILSUMMARY,<#VISIBILITY_ID>_PARTICIPANT_REGISTRATION_<#REPORT_DATETIME>_<#EVENT_QUEUE_ID>.CSV,PARTICIPANT_REGISTRATION,PARTICIPANT_REGISTRATION,DUDETAILSUMMARY,5,INSERT-UPDATE,LASTCHANGED
282,PARTICIPANT_REGISTRATION,GENMETER,GENMETER,<#VISIBILITY_ID>_PARTICIPANT_REGISTRATION_<#REPORT_DATETIME>_<#EVENT_QUEUE_ID>.CSV,PARTICIPANT_REGISTRATION,PARTICIPANT_REGISTRATION,GENMETER,1,INSERT,
283,PARTICIPANT_REGISTRATION,GENUNITS,GENUNITS,<#VISIBILITY_ID>_PARTICIPANT_REGISTRATION_<#REPORT_DATETIME>_<#EVENT_QUEUE_ID>.CSV,PARTICIPANT_REGISTRATION,PARTICIPANT_REGISTRATION,GENUNITS,2,INSERT-UPDATE,LASTCHANGED
284,PARTICIPANT_REGISTRATION,GENUNITS_UNIT,GENSETUNITS_UNIT,<#VISIBILITY_ID>_PARTICIPANT_REGISTRATION_<#REPORT_DATETIME>_<#EVENT_QUEUE_ID>.CSV,PARTICIPANT_REGISTRATION,PARTICIPANT_REGISTRATION,GENUNITS_UNIT,1,INSERT-UPDATE,LASTCHANGED
285,PARTICIPANT_REGISTRATION,MNSP_INTERCONNECTOR,MNSP_INTERCONNECTOR,<#VISIBILITY_ID>_PARTICIPANT_REGISTRATION_<#REPORT_DATETIME>_<#EVENT_QUEUE_ID>.CSV,PARTICIPANT_REGISTRATION,PARTICIPANT_REGISTRATION,MNSP_INTERCONNECTOR,2,INSERT-UPDATE,LASTCHANGED
286,PARTICIPANT_REGISTRATION,MNSP_PARTICIPANT,MNSP_PARTICIPANT,<#VISIBILITY_ID>_PARTICIPANT_REGISTRATION_<#REPORT_DATETIME>_<#EVENT_QUEUE_ID>.CSV,PARTICIPANT_REGISTRATION,PARTICIPANT_REGISTRATION,MNSP_PARTICIPANT,1,INSERT-UPDATE,LASTCHANGED
287,PARTICIPANT_REGISTRATION,PARTICIPANT,PARTICIPANT,<#VISIBILITY_ID>_PARTICIPANT_REGISTRATION_<#REPORT_DATETIME>_<#EVENT_QUEUE_ID>.CSV,PARTICIPANT_REGISTRATION,PARTICIPANT_REGISTRATION,PARTICIPANT,1,INSERT-UPDATE,LASTCHANGED
288,PARTICIPANT_REGISTRATION,PARTICIPANTACCOUNT,PARTICIPANTACCOUNT,<#VISIBILITY_ID>_PARTICIPANT_REGISTRATION_<#REPORT_DATETIME>_<#EVENT_QUEUE_ID>.CSV,PARTICIPANT_REGISTRATION,PARTICIPANT_REGISTRATION,PARTICIPANTACCOUNT,1,INSERT-UPDATE,LASTCHANGED
289,PARTICIPANT_REGISTRATION,PARTICIPANTCATEGORY,PARTICIPANTCATEGORY,<#VISIBILITY_ID>_PARTICIPANT_REGISTRATION_<#REPORT_DATETIME>_<#EVENT_QUEUE_ID>.CSV,PARTICIPANT_REGISTRATION,PARTICIPANT_REGISTRATION,PARTICIPANTCATEGORY,1,INSERT,
290,PARTICIPANT_REGISTRATION,PARTICIPANTCATEGORYALLOC,PARTICIPANTCATEGORYALLOC,<#VISIBILITY_ID>_PARTICIPANT_REGISTRATION_<#REPORT_DATETIME>_<#EVENT_QUEUE_ID>.CSV,PARTICIPANT_REGISTRATION,PARTICIPANT_REGISTRATION,PARTICIPANTCATEGORYALLOC,1,INSERT,
291,PARTICIPANT_REGISTRATION,PARTICIPANTCLASS,PARTICIPANTCLASS,<#VISIBILITY_ID>_PARTICIPANT_REGISTRATION_<#REPORT_DATETIME>_<#EVENT_QUEUE_ID>.CSV,PARTICIPANT_REGISTRATION,PARTICIPANT_REGISTRATION,PARTICIPANTCLASS,1,INSERT,
292,PARTICIPANT_REGISTRATION,PARTICIPANTCREDITDETAIL,PARTICIPANTCREDITDETAIL,<#VISIBILITY_ID>_PARTICIPANT_REGISTRATION_<#REPORT_DATETIME>_<#EVENT_QUEUE_ID>.CSV,PARTICIPANT_REGISTRATION,PARTICIPANT_REGISTRATION,PARTICIPANTCREDITDETAIL,1,INSERT-UPDATE,LASTCHANGED
293,PARTICIPANT_REGISTRATION,PMS_GROUP,PMS_GROUP,<#VISIBILITY_ID>_PMS_GROUP_<#REPORT_DATETIME:yyyyMMdd>_<#EVENT_QUEUE_ID>.CSV,PARTICIPANT_REGISTRATION,PARTICIPANT_REGISTRATION,PMS_GROUP,1,UPDATE-INSERT,LASTCHANGED
294,PARTICIPANT_REGISTRATION,PMS_GROUPNMI,PMS_GROUP,<#VISIBILITY_ID>_PMS_GROUP_<#REPORT_DATETIME:yyyyMMdd>_<#EVENT_QUEUE_ID>.CSV,PARTICIPANT_REGISTRATION,PARTICIPANT_REGISTRATION,PMS_GROUPNMI,1,UPDATE-INSERT,LASTCHANGED
295,PARTICIPANT_REGISTRATION,PMS_GROUPSERVICE,PMS_GROUP,<#VISIBILITY_ID>_PMS_GROUP_<#REPORT_DATETIME:yyyyMMdd>_<#EVENT_QUEUE_ID>.CSV,PARTICIPANT_REGISTRATION,PARTICIPANT_REGISTRATION,PMS_GROUPSERVICE,1,UPDATE-INSERT,LASTCHANGED
296,PARTICIPANT_REGISTRATION,STADUALLOC,STADUALLOC,<#VISIBILITY_ID>_PARTICIPANT_REGISTRATION_<#REPORT_DATETIME>_<#EVENT_QUEUE_ID>.CSV,PARTICIPANT_REGISTRATION,PARTICIPANT_REGISTRATION,STADUALLOC,1,INSERT,
297,PARTICIPANT_REGISTRATION,STATION,STATION,<#VISIBILITY_ID>_PARTICIPANT_REGISTRATION_<#REPORT_DATETIME>_<#EVENT_QUEUE_ID>.CSV,PARTICIPANT_REGISTRATION,PARTICIPANT_REGISTRATION,STATION,1,INSERT-UPDATE,LASTCHANGED
298,PARTICIPANT_REGISTRATION,STATIONOPERATINGSTATUS,STATIONOPERATINGSTATUS,<#VISIBILITY_ID>_PARTICIPANT_REGISTRATION_<#REPORT_DATETIME>_<#EVENT_QUEUE_ID>.CSV,PARTICIPANT_REGISTRATION,PARTICIPANT_REGISTRATION,STATIONOPERATINGSTATUS,1,INSERT-UPDATE,LASTCHANGED
299,PARTICIPANT_REGISTRATION,STATIONOWNER,STATIONOWNERTRK,<#VISIBILITY_ID>_PARTICIPANT_REGISTRATION_<#REPORT_DATETIME>_<#EVENT_QUEUE_ID>.CSV,PARTICIPANT_REGISTRATION,PARTICIPANT_REGISTRATION,STATIONOWNER,1,INSERT-UPDATE,LASTCHANGED
300,PARTICIPANT_REGISTRATION,STATIONOWNERTRK,STATIONOWNERTRK,<#VISIBILITY_ID>_PARTICIPANT_REGISTRATION_<#REPORT_DATETIME>_<#EVENT_QUEUE_ID>.CSV,PARTICIPANT_REGISTRATION,PARTICIPANT_REGISTRATION,STATIONOWNERTRK,1,INSERT-UPDATE,LASTCHANGED
301,PDPASA,PDPASA_CASESOLUTION,PDPASA,<#VISIBILITY_ID>_PDPASA_<#CASE_DATETIME>_<#EVENT_QUEUE_ID>.CSV,PDPASA,PDPASA,CASESOLUTION,3,INSERT,
302,PDPASA,PDPASA_CONSTRAINTSOLUTION,PDPASA,<#VISIBILITY_ID>_PDPASA_<#CASE_DATETIME>_<#EVENT_QUEUE_ID>.CSV,PDPASA,PDPASA,CONSTRAINTSOLUTION,1,INSERT,
303,PDPASA,PDPASA_INTERCONNECTORSOLN,PDPASA,<#VISIBILITY_ID>_PDPASA_<#CASE_DATETIME>_<#EVENT_QUEUE_ID>.CSV,PDPASA,PDPASA,INTERCONNECTORSOLN,1,INSERT,
304,PDPASA,PDPASA_REGIONSOLUTION,PDPASA,<#VISIBILITY_ID>_PDPASA_<#CASE_DATETIME>_<#EVENT_QUEUE_ID>.CSV,PDPASA,PDPASA,REGIONSOLUTION,7,INSERT,
305,PRE_DISPATCH,PREDISPATCHBLOCKEDCONSTRAINT,PREDISPATCHIS,<#VISIBILITY_ID>_PREDISPATCHIS_<#CASE_DATETIME>_<#REPORT_DATETIME>.CSV,PREDISPATCHIS,PREDISPATCH,BLOCKED_CONSTRAINTS,1,INSERT,
306,PRE_DISPATCH,PREDISPATCHCASESOLUTION,PREDISPATCHIS,<#VISIBILITY_ID>_PREDISPATCHIS_<#CASE_DATETIME>_<#REPORT_DATETIME>.CSV,PREDISPATCHIS,PREDISPATCH,CASE_SOLUTION,1,INSERT,
307,PRE_DISPATCH,PREDISPATCHCONSTRAINT,NEXT_DAY_PREDISPATCH_D,<#VISIBILITY_ID>_NEXT_DAY_PREDISPATCH_D_<#CASE_DATE>_<#EVENT_QUEUE_ID>.CSV,NEXT_DAY_PREDISPATCH_D,PREDISPATCH,CONSTRAINT_SOLUTION,5,UPDATE-INSERT,LASTCHANGED
308,PRE_DISPATCH,PREDISPATCHCONSTRAINT,PREDISPATCHIS,<#VISIBILITY_ID>_PREDISPATCHIS_<#CASE_DATETIME>_<#REPORT_DATETIME>.CSV,PREDISPATCHIS,PREDISPATCH,CONSTRAINT_SOLUTION,5,UPDATE-INSERT,LASTCHANGED
309,PRE_DISPATCH,PREDISPATCHINTERCONNECTORRES,PREDISPATCHIS,<#VISIBILITY_ID>_PREDISPATCHIS_<#CASE_DATETIME>_<#REPORT_DATETIME>.CSV,PREDISPATCHIS,PREDISPATCH,INTERCONNECTOR_SOLN,3,UPDATE-INSERT,LASTCHANGED
310,PRE_DISPATCH,PREDISPATCHINTERSENSITIVITIES,PREDISPATCH_SENSITIVITIES_IS,<#VISIBILITY_ID>_PREDISPATCH_SENSITIVITIES_<#REPORT_DATETIME>_<#EVENT_QUEUE_ID>.CSV,PREDISPATCH_SENSITIVITIES,PREDISPATCH,INTERCONNECTR_SENS,1,UPDATE-INSERT,LASTCHANGED
311,PRE_DISPATCH,PREDISPATCHLOAD,NEXT_DAY_PREDISPATCH_D,<#VISIBILITY_ID>_NEXT_DAY_PREDISPATCH_D_<#CASE_DATE>_<#EVENT_QUEUE_ID>.CSV,NEXT_DAY_PREDISPATCH_D,PREDISPATCH,UNIT_SOLUTION,2,UPDATE-INSERT,LASTCHANGED
312,PRE_DISPATCH,PREDISPATCHLOAD,PREDISPATCHIS,<#VISIBILITY_ID>_PREDISPATCHIS_<#CASE_DATETIME>_<#REPORT_DATETIME>.CSV,PREDISPATCHIS,PREDISPATCH,UNIT_SOLUTION,2,UPDATE-INSERT,LASTCHANGED
313,PRE_DISPATCH,PREDISPATCHOFFERTRK,NEXT_DAY_PREDISPATCH_D,<#VISIBILITY_ID>_NEXT_DAY_PREDISPATCH_D_<#CASE_DATE>_<#EVENT_QUEUE_ID>.CSV,NEXT_DAY_PREDISPATCH_D,PREDISPATCH,OFFERTRK,1,INSERT,
314,PRE_DISPATCH,PREDISPATCHOFFERTRK,PREDISPATCHIS,<#VISIBILITY_ID>_PREDISPATCHIS_<#CASE_DATETIME>_<#REPORT_DATETIME>.CSV,PREDISPATCHIS,PREDISPATCH,OFFERTRK,1,INSERT,
315,PRE_DISPATCH,PREDISPATCHPRICE,PREDISPATCHIS,<#VISIBILITY_ID>_PREDISPATCHIS_<#CASE_DATETIME>_<#REPORT_DATETIME>.CSV,PREDISPATCHIS,PREDISPATCH,REGION_PRICES,1,UPDATE-INSERT,LASTCHANGED
316,PRE_DISPATCH,PREDISPATCHPRICESENSITIVITIES,PREDISPATCH_SENSITIVITIES_IS,<#VISIBILITY_ID>_PREDISPATCH_SENSITIVITIES_<#REPORT_DATETIME>_<#EVENT_QUEUE_ID>.CSV,PREDISPATCH_SENSITIVITIES,PREDISPATCH,PRICESENSITIVITIES,1,UPDATE-INSERT,LASTCHANGED
317,PRE_DISPATCH,PREDISPATCHREGIONSUM,PREDISPATCHIS,<#VISIBILITY_ID>_PREDISPATCHIS_<#CASE_DATETIME>_<#REPORT_DATETIME>.CSV,PREDISPATCHIS,PREDISPATCH,REGION_SOLUTION,6,UPDATE-INSERT,LASTCHANGED
318,PRE_DISPATCH,PREDISPATCHSCENARIODEMAND,PREDISPATCHSCENARIODEMANDTRK,<#VISIBILITY_ID>_PREDISPATCH_SENSITIVITIES_<#EVENT_QUEUE_ID>.CSV,PREDISPATCH_SENSITIVITIES,PREDISPATCH,SCENARIO_DEMAND,1,INSERT,
319,PRE_DISPATCH,PREDISPATCHSCENARIODEMANDTRK,PREDISPATCHSCENARIODEMANDTRK,<#VISIBILITY_ID>_PREDISPATCH_SENSITIVITIES_<#EVENT_QUEUE_ID>.CSV,PREDISPATCH_SENSITIVITIES,PREDISPATCH,SCENARIO_DEMAND_TRK,1,INSERT-UPDATE,LASTCHANGED
320,PRE_DISPATCH,PREDISPATCH_FCAS_REQ,PREDISPATCHIS_FCAS,<#VISIBILITY_ID>_PREDISPATCHIS_FCAS_<#CASE_DATETIME>_<#REPORT_DATETIME>.CSV,PREDISPATCHIS_FCAS,PREDISPATCH,REGIONFCASREQUIREMENT,2,UPDATE-INSERT,LASTCHANGED
321,PRE_DISPATCH,PREDISPATCH_LOCAL_PRICE,NEXT_DAY_PREDISPATCH_D,<#VISIBILITY_ID>_NEXT_DAY_PREDISPATCH_D_<#CASE_DATE>_<#EVENT_QUEUE_ID>.CSV,NEXT_DAY_PREDISPATCH_D,PREDISPATCH,LOCAL_PRICE,1,UPDATE-INSERT,LASTCHANGED
322,PRE_DISPATCH,PREDISPATCH_LOCAL_PRICE,PREDISPATCHIS,<#VISIBILITY_ID>_PREDISPATCHIS_<#CASE_DATETIME>_<#REPORT_DATETIME>.CSV,PREDISPATCHIS,PREDISPATCH,LOCAL_PRICE,1,UPDATE-INSERT,LASTCHANGED
323,PRE_DISPATCH,PREDISPATCH_MNSPBIDTRK,NEXT_DAY_PREDISPATCH_D,<#VISIBILITY_ID>_NEXT_DAY_PREDISPATCH_D_<#CASE_DATE>_<#EVENT_QUEUE_ID>.CSV,NEXT_DAY_PREDISPATCH_D,PREDISPATCH,MNSPBIDTRK,1,INSERT,
324,PRUDENTIALS,PRUDENTIALCOMPANYPOSITION,PRUDENTIAL,<#VISIBILITY_ID>_PRUDENTIAL_<#CASE_DATE>_<#EVENT_QUEUE_ID>.CSV,PRUDENTIAL,PRUDENTIAL,COMPANY_POSITION,1,INSERT,
325,PRUDENTIALS,PRUDENTIALRUNTRK,PRUDENTIAL,<#VISIBILITY_ID>_PRUDENTIAL_<#CASE_DATE>_<#EVENT_QUEUE_ID>.CSV,PRUDENTIAL,PRUDENTIAL,RUNTRK,1,INSERT-UPDATE,LASTCHANGED
326,RESERVE_DATA,MTPASA_RESERVELIMIT,MTPASA_RESERVELIMIT,<#VISIBILITY_ID>_MTPASA_RESERVELIMIT_<#EVENT_QUEUE_ID>.CSV,RESERVE_DATA,MTPASA,RESERVELIMIT,1,INSERT,
327,RESERVE_DATA,MTPASA_RESERVELIMIT_REGION,MTPASA_RESERVELIMIT,<#VISIBILITY_ID>_MTPASA_RESERVELIMIT_<#EVENT_QUEUE_ID>.CSV,RESERVE_DATA,MTPASA,RESERVELIMIT_REGION,1,INSERT,
328,RESERVE_DATA,MTPASA_RESERVELIMIT_SET,MTPASA_RESERVELIMIT,<#VISIBILITY_ID>_MTPASA_RESERVELIMIT_<#EVENT_QUEUE_ID>.CSV,RESERVE_DATA,MTPASA,RESERVELIMIT_SET,1,INSERT,
329,RESERVE_DATA,RESERVE,RESERVETRK,<#VISIBILITY_ID>_RESERVE_DATA_<#REPORT_DATETIME>_<#EVENT_QUEUE_ID>.CSV,RESERVE_DATA,RESERVE_DATA,RESERVE,1,INSERT-UPDATE,LASTCHANGED
330,SETTLEMENT_CONFIG,ANCILLARY_RECOVERY_SPLIT,ANCILLARY_RECOVERY_SPLITTRK,<#VISIBILITY_ID>_SETTLEMENT_CONFIG_<#REPORT_DATETIME>_<#EVENT_QUEUE_ID>.CSV,SETTLEMENT_CONFIG,SETTLEMENT_CONFIG,ANCILLARY_RECOVERY_SPLIT,1,INSERT-UPDATE,LASTCHANGED
331,SETTLEMENT_CONFIG,MARKETFEE,MARKETFEE,<#VISIBILITY_ID>_SETTLEMENT_CONFIG_<#REPORT_DATETIME>_<#EVENT_QUEUE_ID>.CSV,SETTLEMENT_CONFIG,SETTLEMENT_CONFIG,MARKETFEE,1,INSERT-UPDATE,LASTCHANGED
332,SETTLEMENT_CONFIG,MARKETFEEDATA,MARKETFEETRK,<#VISIBILITY_ID>_SETTLEMENT_CONFIG_<#REPORT_DATETIME>_<#EVENT_QUEUE_ID>.CSV,SETTLEMENT_CONFIG,SETTLEMENT_CONFIG,MARKETFEEDATA,1,INSERT-UPDATE,LASTCHANGED
333,SETTLEMENT_CONFIG,MARKETFEETRK,MARKETFEETRK,<#VISIBILITY_ID>_SETTLEMENT_CONFIG_<#REPORT_DATETIME>_<#EVENT_QUEUE_ID>.CSV,SETTLEMENT_CONFIG,SETTLEMENT_CONFIG,MARKETFEETRK,1,INSERT-UPDATE,LASTCHANGED
334,SETTLEMENT_CONFIG,MARKET_FEE_CAT_EXCL,MARKETFEE_PARTCAT_EXCL,<#VISIBILITY_ID>_SETTLEMENT_CONFIG_<#REPORT_DATETIME>_<#EVENT_QUEUE_ID>.CSV,SETTLEMENT_CONFIG,SETTLEMENT_CONFIG,MARKET_FEE_CAT_EXCL,1,INSERT,
335,SETTLEMENT_CONFIG,MARKET_FEE_CAT_EXCL_TRK,MARKETFEE_PARTCAT_EXCL,<#VISIBILITY_ID>_SETTLEMENT_CONFIG_<#REPORT_DATETIME>_<#EVENT_QUEUE_ID>.CSV,SETTLEMENT_CONFIG,SETTLEMENT_CONFIG,MARKET_FEE_CAT_EXCL_TRK,1,INSERT,
336,SETTLEMENT_CONFIG,MARKET_FEE_EXCLUSION,MARKET_FEE_EXCLUSIONTRK,<#VISIBILITY_ID>_SETTLEMENT_CONFIG_<#REPORT_DATETIME>_<#EVENT_QUEUE_ID>.CSV,SETTLEMENT_CONFIG,SETTLEMENT_CONFIG,MARKET_FEE_EXCLUSION,1,INSERT-UPDATE,LASTCHANGED
337,SETTLEMENT_CONFIG,MARKET_FEE_EXCLUSIONTRK,MARKET_FEE_EXCLUSIONTRK,<#VISIBILITY_ID>_SETTLEMENT_CONFIG_<#REPORT_DATETIME>_<#EVENT_QUEUE_ID>.CSV,SETTLEMENT_CONFIG,SETTLEMENT_CONFIG,MARKET_FEE_EXCLUSION_TRK,1,INSERT-UPDATE,LASTCHANGED
338,SETTLEMENT_CONFIG,PARTICIPANT_BANDFEE_ALLOC,PARTICIPANT_BANDFEE_ALLOC,<#VISIBILITY_ID>_SETTLEMENT_CONFIG_<#REPORT_DATETIME>_<#EVENT_QUEUE_ID>.CSV,SETTLEMENT_CONFIG,SETTLEMENT_CONFIG,PARTICIPANT_BANDFEE_ALLOC,1,INSERT,
339,SETTLEMENT_CONFIG,REALLOCATION,REALLOCATION,<#VISIBILITY_ID>_REALLOCATION_<#REPORT_DATETIME>_<#EVENT_QUEUE_ID>.CSV,REALLOCATION,SETCFG,REALLOCATION,2,INSERT-UPDATE,LASTCHANGED
340,SETTLEMENT_CONFIG,REALLOCATIONINTERVAL,REALLOCATION,<#VISIBILITY_ID>_REALLOCATION_<#REPORT_DATETIME>_<#EVENT_QUEUE_ID>.CSV,REALLOCATION,SETCFG,REALLOCATIONINTERVAL,1,INSERT-UPDATE,LASTCHANGED
341,SETTLEMENT_CONFIG,SETCFG_PARTICIPANT_MPF,SETCFG_PARTICIPANT_MPFTRK,<#VISIBILITY_ID>_SETTLEMENT_CONFIG_<#REPORT_DATETIME>_<#EVENT_QUEUE_ID>.CSV,SETTLEMENT_CONFIG,SETTLEMENT_CONFIG,SETCFG_PARTICIPANT_MPF,1,INSERT-UPDATE,LASTCHANGED
342,SETTLEMENT_CONFIG,SETCFG_PARTICIPANT_MPFTRK,SETCFG_PARTICIPANT_MPFTRK,<#VISIBILITY_ID>_SETTLEMENT_CONFIG_<#REPORT_DATETIME>_<#EVENT_QUEUE_ID>.CSV,SETTLEMENT_CONFIG,SETTLEMENT_CONFIG,SETCFG_PARTICIPANT_MPFTRK,1,INSERT-UPDATE,LASTCHANGED
343,SETTLEMENT_CONFIG,SETCFG_WDRRR_CALENDAR,WDRRR_CALENDAR,<#VISIBILITY_ID>_WDRRR_CALENDAR_<#REPORT_DATETIME>_<#EVENT_QUEUE_ID>.CSV,SETTLEMENT_CONFIG,SETTLEMENTS_CONFIG,WDRRR_CALENDAR,1,INSERT,
344,SETTLEMENT_CONFIG,SETCFG_WDR_REIMBURSE_RATE,WDR_REIMBURSE_RATE,<#VISIBILITY_ID>_WDR_REIMBURSE_RATE_<#REPORT_DATETIME>_<#EVENT_QUEUE_ID>.CSV,SETTLEMENT_CONFIG,SETTLEMENTS_CONFIG,WDR_REIMBURSE_RATE,1,INSERT,
345,SETTLEMENT_DATA,DAYTRACK,SETTLEMENTS,<#VISIBILITY_ID>_SETTLEMENTS_<#REPORT_DATETIME>_<#EVENT_QUEUE_ID>.CSV,SETTLEMENTS,SETTLEMENTS,DAYTRACK,6,INSERT,
346,SETTLEMENT_DATA,SETCPDATA,SETTLEMENTS,<#VISIBILITY_ID>_SETTLEMENTS_<#REPORT_DATETIME>_<#EVENT_QUEUE_ID>.CSV,SETTLEMENTS,SETTLEMENTS,CPDATA,6,INSERT,
347,SETTLEMENT_DATA,SETCPDATAREGION,SETTLEMENTS,<#VISIBILITY_ID>_SETTLEMENTS_<#REPORT_DATETIME>_<#EVENT_QUEUE_ID>.CSV,SETTLEMENTS,SETTLEMENTS,CPDATAREGION,5,INSERT,
348,SETTLEMENT_DATA,SETFCASCOMP,SETTLEMENTS,<#VISIBILITY_ID>_SETTLEMENTS_<#REPORT_DATETIME>_<#EVENT_QUEUE_ID>.CSV,SETTLEMENTS,SETTLEMENTS,FCASCOMP,5,INSERT,
349,SETTLEMENT_DATA,SETFCASREGIONRECOVERY,SETTLEMENTS,<#VISIBILITY_ID>_SETTLEMENTS_<#REPORT_DATETIME>_<#EVENT_QUEUE_ID>.CSV,SETTLEMENTS,SETTLEMENTS,FCASREGIONRECOVERY,5,INSERT,
350,SETTLEMENT_DATA,SETGENDATA,SETTLEMENTS,<#VISIBILITY_ID>_SETTLEMENTS_<#REPORT_DATETIME>_<#EVENT_QUEUE_ID>.CSV,SETTLEMENTS,SETTLEMENTS,GENDATA,6,INSERT,
351,SETTLEMENT_DATA,SETGENDATAREGION,SETTLEMENTS,<#VISIBILITY_ID>_SETTLEMENTS_<#REPORT_DATETIME>_<#EVENT_QUEUE_ID>.CSV,SETTLEMENTS,SETTLEMENTS,GENDATAREGION,5,INSERT,
352,SETTLEMENT_DATA,SETINTERVENTION,SETTLEMENTS,<#VISIBILITY_ID>_SETTLEMENTS_<#REPORT_DATETIME>_<#EVENT_QUEUE_ID>.CSV,SETTLEMENTS,SETTLEMENTS,INTERVENTION,5,INSERT,
353,SETTLEMENT_DATA,SETINTERVENTIONRECOVERY,SETTLEMENTS,<#VISIBILITY_ID>_SETTLEMENTS_<#REPORT_DATETIME>_<#EVENT_QUEUE_ID>.CSV,SETTLEMENTS,SETTLEMENTS,INTERVENTIONRECOVERY,5,INSERT,
354,SETTLEMENT_DATA,SETINTRAREGIONRESIDUES,SETTLEMENTS,<#VISIBILITY_ID>_SETTLEMENTS_<#REPORT_DATETIME>_<#EVENT_QUEUE_ID>.CSV,SETTLEMENTS,SETTLEMENTS,INTRAREGIONRESIDUES,5,INSERT,
355,SETTLEMENT_DATA,SETIRAUCSURPLUS,SETTLEMENTS,<#VISIBILITY_ID>_SETTLEMENTS_<#REPORT_DATETIME>_<#EVENT_QUEUE_ID>.CSV,SETTLEMENTS,SETTLEMENTS,IRAUCSURPLUS,6,INSERT,
356,SETTLEMENT_DATA,SETIRNSPSURPLUS,SETTLEMENTS,<#VISIBILITY_ID>_SETTLEMENTS_<#REPORT_DATETIME>_<#EVENT_QUEUE_ID>.CSV,SETTLEMENTS,SETTLEMENTS,IRNSPSURPLUS,6,INSERT,
357,SETTLEMENT_DATA,SETIRPARTSURPLUS,SETTLEMENTS,<#VISIBILITY_ID>_SETTLEMENTS_<#REPORT_DATETIME>_<#EVENT_QUEUE_ID>.CSV,SETTLEMENTS,SETTLEMENTS,IRPARTSURPLUS,6,INSERT,
358,SETTLEMENT_DATA,SETIRSURPLUS,SETTLEMENTS,<#VISIBILITY_ID>_SETTLEMENTS_<#REPORT_DATETIME>_<#EVENT_QUEUE_ID>.CSV,SETTLEMENTS,SETTLEMENTS,IRSURPLUS,6,INSERT,
359,SETTLEMENT_DATA,SETLOCALAREAENERGY,SETTLEMENTS,<#VISIBILITY_ID>_SETTLEMENTS_<#REPORT_DATETIME>_<#EVENT_QUEUE_ID>.CSV,SETTLEMENTS,SETTLEMENTS,LOCALAREAENERGY,1,INSERT,
360,SETTLEMENT_DATA,SETLOCALAREATNI,SETTLEMENTS,<#VISIBILITY_ID>_SETTLEMENTS_<#REPORT_DATETIME>_<#EVENT_QUEUE_ID>.CSV,SETTLEMENTS,SETTLEMENTS,LOCALAREATNI,1,INSERT,
361,SETTLEMENT_DATA,SETLSHEDPAYMENT,SETTLEMENTS,<#VISIBILITY_ID>_SETTLEMENTS_<#REPORT_DATETIME>_<#EVENT_QUEUE_ID>.CSV,SETTLEMENTS,SETTLEMENTS,LSHEDPAYMENT,5,INSERT,
362,SETTLEMENT_DATA,SETMARKETFEES,SETTLEMENTS,<#VISIBILITY_ID>_SETTLEMENTS_<#REPORT_DATETIME>_<#EVENT_QUEUE_ID>.CSV,SETTLEMENTS,SETTLEMENTS,MARKETFEES,6,INSERT,
363,SETTLEMENT_DATA,SETREALLOCATIONS,SETTLEMENTS,<#VISIBILITY_ID>_SETTLEMENTS_<#REPORT_DATETIME>_<#EVENT_QUEUE_ID>.CSV,SETTLEMENTS,SETTLEMENTS,REALLOCATIONS,5,INSERT,
364,SETTLEMENT_DATA,SETRESTARTPAYMENT,SETTLEMENTS,<#VISIBILITY_ID>_SETTLEMENTS_<#REPORT_DATETIME>_<#EVENT_QUEUE_ID>.CSV,SETTLEMENTS,SETTLEMENTS,RESTARTPAYMENT,6,INSERT,
365,SETTLEMENT_DATA,SETRESTARTRECOVERY,SETTLEMENTS,<#VISIBILITY_ID>_SETTLEMENTS_<#REPORT_DATETIME>_<#EVENT_QUEUE_ID>.CSV,SETTLEMENTS,SETTLEMENTS,RESTARTRECOVERY,6,INSERT,
366,SETTLEMENT_DATA,SETRPOWERPAYMENT,SETTLEMENTS,<#VISIBILITY_ID>_SETTLEMENTS_<#REPORT_DATETIME>_<#EVENT_QUEUE_ID>.CSV,SETTLEMENTS,SETTLEMENTS,RPOWERPAYMENT,6,INSERT,
367,SETTLEMENT_DATA,SETSMALLGENDATA,SETTLEMENTS,<#VISIBILITY_ID>_SETTLEMENTS_<#REPORT_DATETIME>_<#EVENT_QUEUE_ID>.CSV,SETTLEMENTS,SETTLEMENTS,SMALLGENDATA,1,INSERT,
368,SETTLEMENT_DATA,SET_ANCILLARY_SUMMARY,SETTLEMENTS,<#VISIBILITY_ID>_SETTLEMENTS_<#REPORT_DATETIME>_<#EVENT_QUEUE_ID>.CSV,SETTLEMENTS,SETTLEMENTS,ANCILLARY_SUMMARY,5,INSERT,
369,SETTLEMENT_DATA,SET_APC_COMPENSATION,SETTLEMENTS,<#VISIBILITY_ID>_SETTLEMENTS_<#REPORT_DATETIME>_<#EVENT_QUEUE_ID>.CSV,SETTLEMENTS,SETTLEMENTS,APC_COMPENSATION,1,INSERT,
370,SETTLEMENT_DATA,SET_APC_RECOVERY,SETTLEMENTS,<#VISIBILITY_ID>_SETTLEMENTS_<#REPORT_DATETIME>_<#EVENT_QUEUE_ID>.CSV,SETTLEMENTS,SETTLEMENTS,APC_RECOVERY,1,INSERT,
371,SETTLEMENT_DATA,SET_FCAS_PAYMENT,SETTLEMENTS,<#VISIBILITY_ID>_SETTLEMENTS_<#REPORT_DATETIME>_<#EVENT_QUEUE_ID>.CSV,SETTLEMENTS,SETTLEMENTS,FCAS_PAYMENT,5,INSERT,
372,SETTLEMENT_DATA,SET_FCAS_RECOVERY,SETTLEMENTS,<#VISIBILITY_ID>_SETTLEMENTS_<#REPORT_DATETIME>_<#EVENT_QUEUE_ID>.CSV,SETTLEMENTS,SETTLEMENTS,FCAS_RECOVERY,6,INSERT,
373,SETTLEMENT_DATA,SET_FCAS_REGULATION_TRK,SETTLEMENTS,<#VISIBILITY_ID>_SETTLEMENTS_<#REPORT_DATETIME>_<#EVENT_QUEUE_ID>.CSV,SETTLEMENTS,SETTLEMENTS,SET_FCAS_REGULATION_TRK,2,INSERT,
374,SETTLEMENT_DATA,SET_MR_PAYMENT,SETTLEMENTS,<#VISIBILITY_ID>_SETTLEMENTS_<#REPORT_DATETIME>_<#EVENT_QUEUE_ID>.CSV,SETTLEMENTS,SETTLEMENTS,MR_PAYMENT,5,INSERT,
375,SETTLEMENT_DATA,SET_MR_RECOVERY,SETTLEMENTS,<#VISIBILITY_ID>_SETTLEMENTS_<#REPORT_DATETIME>_<#EVENT_QUEUE_ID>.CSV,SETTLEMENTS,SETTLEMENTS,MR_RECOVERY,5,INSERT,
376,SETTLEMENT_DATA,SET_NMAS_RECOVERY,SETTLEMENTS,<#VISIBILITY_ID>_SETTLEMENTS_<#REPORT_DATETIME>_<#EVENT_QUEUE_ID>.CSV,SETTLEMENTS,SETTLEMENTS,NMAS_RECOVERY,2,INSERT,
377,SETTLEMENT_DATA,SET_NMAS_RECOVERY_RBF,SETTLEMENTS,<#VISIBILITY_ID>_SETTLEMENTS_<#REPORT_DATETIME>_<#EVENT_QUEUE_ID>.CSV,SETTLEMENTS,SETTLEMENTS,NMAS_RECOVERY_RBF,1,INSERT,
378,SETTLEMENT_DATA,SET_RECOVERY_ENERGY,SETTLEMENTS,<#VISIBILITY_ID>_SETTLEMENTS_<#REPORT_DATETIME>_<#EVENT_QUEUE_ID>.CSV,SETTLEMENTS,SETTLEMENTS,RECOVERY_ENERGY,1,INSERT,
379,SETTLEMENT_DATA,SET_RUN_PARAMETER,SETTLEMENTS,<#VISIBILITY_ID>_SETTLEMENTS_<#REPORT_DATETIME>_<#EVENT_QUEUE_ID>.CSV,SETTLEMENTS,SETTLEMENTS,RUN_PARAMETER,5,INSERT,
380,SETTLEMENT_DATA,SET_SUBSTITUTE_DEMAND,SETTLEMENTS,<#VISIBILITY_ID>_SETTLEMENTS_<#REPORT_DATETIME>_<#EVENT_QUEUE_ID>.CSV,SETTLEMENTS,SETTLEMENTS,SUBST_DEMAND,1,INSERT,
381,SETTLEMENT_DATA,SET_SUBST_RUN_VERSION,SETTLEMENTS,<#VISIBILITY_ID>_SETTLEMENTS_<#REPORT_DATETIME>_<#EVENT_QUEUE_ID>.CSV,SETTLEMENTS,SETTLEMENTS,SUBST_RUN_VERSION,1,INSERT,
382,SETTLEMENT_DATA,SET_WDR_RECON_DETAIL,SETTLEMENTS,<#VISIBILITY_ID>_SETTLEMENTS_<#REPORT_DATETIME>_<#EVENT_QUEUE_ID>.CSV,SETTLEMENTS,SETTLEMENTS,WDR_RECON_DETAIL,1,INSERT,
383,SETTLEMENT_DATA,SET_WDR_TRANSACT,SETTLEMENTS,<#VISIBILITY_ID>_SETTLEMENTS_<#REPORT_DATETIME>_<#EVENT_QUEUE_ID>.CSV,SETTLEMENTS,SETTLEMENTS,WDR_TRANSACT,1,INSERT,
384,STPASA_SOLUTION,STPASA_CASESOLUTION,STPASA,<#VISIBILITY_ID>_STPASA_<#CASE_DATETIME>_<#EVENT_QUEUE_ID>.CSV,STPASA,STPASA,CASESOLUTION,3,INSERT,
385,STPASA_SOLUTION,STPASA_CONSTRAINTSOLUTION,STPASA,<#VISIBILITY_ID>_STPASA_<#CASE_DATETIME>_<#EVENT_QUEUE_ID>.CSV,STPASA,STPASA,CONSTRAINTSOLUTION,3,INSERT,
386,STPASA_SOLUTION,STPASA_INTERCONNECTORSOLN,STPASA,<#VISIBILITY_ID>_STPASA_<#CASE_DATETIME>_<#EVENT_QUEUE_ID>.CSV,STPASA,STPASA,INTERCONNECTORSOLN,3,INSERT,
387,STPASA_SOLUTION,STPASA_REGIONSOLUTION,STPASA,<#VISIBILITY_ID>_STPASA_<#CASE_DATETIME>_<#EVENT_QUEUE_ID>.CSV,STPASA,STPASA,REGIONSOLUTION,7,INSERT,
388,TRADING_DATA,AVERAGEPRICE30,AVERAGEPRICE30,<#VISIBILITY_ID>_AVERAGEPRICE30_<#CASE_DATETIME>_<#EVENT_QUEUE_ID>.CSV,TRADINGIS,TRADING,AVERAGEPRICE30,1,INSERT-UPDATE,LASTCHANGED
389,TRADING_DATA,TRADINGINTERCONNECT,TRADINGIS,<#VISIBILITY_ID>_TRADINGIS_<#CASE_DATETIME>_<#EVENT_QUEUE_ID>.CSV,TRADINGIS,TRADING,INTERCONNECTORRES,2,INSERT,
390,TRADING_DATA,TRADINGLOAD,NEXT_DAY_TRADING,<#VISIBILITY_ID>_NEXT_DAY_TRADING_<#CASE_DATE>_<#EVENT_QUEUE_ID>.CSV,NEXT_DAY_TRADING,TRADING,UNIT_SOLUTION,2,INSERT,
391,TRADING_DATA,TRADINGLOAD,TRADINGIS,<#VISIBILITY_ID>_TRADINGIS_<#CASE_DATETIME>_<#EVENT_QUEUE_ID>.CSV,TRADINGIS,TRADING,UNIT_SOLUTION,2,INSERT,
392,TRADING_DATA,TRADINGPRICE,PRICE_REVISION_TRADINGIS,<#VISIBILITY_ID>_PRICE_REVISION_TRADINGIS_<#REPORT_DATETIME>_<#EVENT_QUEUE_ID>.CSV,TRADINGIS,TRADING,PRICE,2,INSERT-UPDATE,LASTCHANGED
